project_id,asset_class,database,sector_code,country,region,invest_usd,tier,supplying_sector,spend_M$,GHG_tCO2e,Employment_FTE,Water_1000m3,ValueAdded_M$,Energy_TJ,NOx_t
Proj_001,Health,exiobase,Health_Social,LATAM,LATAM,250000000.0,0,Construction,70.0,17925.6,1076.04,67.9,33.6,144.9,72.8
Proj_001,Health,exiobase,Health_Social,LATAM,LATAM,250000000.0,0,Energy_Utilities,20.0,4280.32,102.66,30.78,12.8,195.5,39.0
Proj_001,Health,exiobase,Health_Social,LATAM,LATAM,250000000.0,0,Manufacturing,62.5,26904.0,536.8,117.6,26.25,230.0,97.5
Proj_001,Health,exiobase,Health_Social,LATAM,LATAM,250000000.0,0,Transport_Logistics,17.5,3505.337,187.915,12.2976,10.5,42.2625,63.7
Proj_001,Health,exiobase,Health_Social,LATAM,LATAM,250000000.0,0,Health_Social,45.0,7224.84,922.752,51.0705,31.5,46.575,23.4
Proj_001,Health,exiobase,Health_Social,LATAM,LATAM,250000000.0,0,Agriculture,5.0,793.8,129.8,32.7375,3.8,16.1,5.85
Proj_001,Health,exiobase,Health_Social,LATAM,LATAM,250000000.0,0,Mining_Extraction,12.5,4733.6,93.94,27.648,7.0,64.6875,22.75
Proj_001,Health,exiobase,Health_Social,LATAM,LATAM,250000000.0,0,Water_Waste,17.5,2157.925,223.02,177.66,12.075,24.15,11.375
Proj_001,Health,exiobase,Health_Social,LATAM,LATAM,250000000.0,1,Construction,10.0,2560.8,153.72,9.7,4.8,20.7,10.4
Proj_001,Health,exiobase,Health_Social,LATAM,LATAM,250000000.0,1,Energy_Utilities,17.525,3750.63,89.956,26.97097,11.216,171.30687,34.17375
Proj_001,Health,exiobase,Health_Social,LATAM,LATAM,250000000.0,1,Manufacturing,29.885,12864.417,256.676,56.23162,12.5517,109.9768,46.6206
Proj_001,Health,exiobase,Health_Social,LATAM,LATAM,250000000.0,1,Transport_Logistics,12.8125,2566.408,137.581,9.0036,7.6875,30.94219,46.6375
Proj_001,Health,exiobase,Health_Social,LATAM,LATAM,250000000.0,1,Health_Social,12.445,1998.07,255.192,14.12383,8.7115,12.88057,6.4714
Proj_001,Health,exiobase,Health_Social,LATAM,LATAM,250000000.0,1,Agriculture,5.335,846.985,138.497,34.93091,4.0546,17.1787,6.24195
Proj_001,Health,exiobase,Health_Social,LATAM,LATAM,250000000.0,1,Mining_Extraction,23.575,8927.57,177.171,52.14413,13.202,122.00062,42.9065
Proj_001,Health,exiobase,Health_Social,LATAM,LATAM,250000000.0,1,Water_Waste,6.8875,849.298,87.774,69.9219,4.75237,9.50475,4.47688
Proj_001,Health,exiobase,Health_Social,LATAM,LATAM,250000000.0,2,Construction,4.5122,1155.484,69.362,4.37683,2.16586,9.34025,4.69269
Proj_001,Health,exiobase,Health_Social,LATAM,LATAM,250000000.0,2,Energy_Utilities,8.30258,1776.885,42.617,12.77767,5.31365,81.15772,16.19003
Proj_001,Health,exiobase,Health_Social,LATAM,LATAM,250000000.0,2,Manufacturing,13.65574,5878.307,117.286,25.69465,5.73541,50.25314,21.30296
Proj_001,Health,exiobase,Health_Social,LATAM,LATAM,250000000.0,2,Transport_Logistics,6.05814,1213.475,65.052,4.25717,3.63488,14.6304,22.05162
Proj_001,Health,exiobase,Health_Social,LATAM,LATAM,250000000.0,2,Health_Social,4.94033,793.181,101.305,5.60679,3.45823,5.11325,2.56897
Proj_001,Health,exiobase,Health_Social,LATAM,LATAM,250000000.0,2,Agriculture,2.62018,415.98,68.02,17.15563,1.99134,8.43698,3.06561
Proj_001,Health,exiobase,Health_Social,LATAM,LATAM,250000000.0,2,Mining_Extraction,11.67678,4421.857,87.753,25.82717,6.539,60.42735,21.25174
Proj_001,Health,exiobase,Health_Social,LATAM,LATAM,250000000.0,2,Water_Waste,3.33486,411.221,42.499,33.85547,2.30105,4.6021,2.16766
Proj_001,Health,exiobase,Health_Social,LATAM,LATAM,250000000.0,3,Construction,2.09109,535.485,32.144,2.02835,1.00372,4.32855,2.17473
Proj_001,Health,exiobase,Health_Social,LATAM,LATAM,250000000.0,3,Energy_Utilities,3.88881,832.268,19.961,5.98488,2.48884,38.01314,7.58318
Proj_001,Health,exiobase,Health_Social,LATAM,LATAM,250000000.0,3,Manufacturing,6.40834,2758.56,55.04,12.05794,2.6915,23.5827,9.99701
Proj_001,Health,exiobase,Health_Social,LATAM,LATAM,250000000.0,3,Transport_Logistics,2.8257,566.003,30.342,1.98568,1.69542,6.82408,10.28556
Proj_001,Health,exiobase,Health_Social,LATAM,LATAM,250000000.0,3,Health_Social,2.25258,361.656,46.19,2.55645,1.5768,2.33142,1.17134
Proj_001,Health,exiobase,Health_Social,LATAM,LATAM,250000000.0,3,Agriculture,1.2092,191.972,31.391,7.91721,0.91899,3.89361,1.41476
Proj_001,Health,exiobase,Health_Social,LATAM,LATAM,250000000.0,3,Mining_Extraction,5.45303,2064.998,40.981,12.06123,3.0537,28.21944,9.92452
Proj_001,Health,exiobase,Health_Social,LATAM,LATAM,250000000.0,3,Water_Waste,1.552,191.377,19.779,15.75589,1.07088,2.14176,1.0088
Proj_001,Health,exiobase,Health_Social,LATAM,LATAM,250000000.0,4,Construction,0.97748,250.313,15.026,0.94816,0.46919,2.02339,1.01658
Proj_001,Health,exiobase,Health_Social,LATAM,LATAM,250000000.0,4,Energy_Utilities,1.814,388.226,9.311,2.79175,1.16096,17.73188,3.53731
Proj_001,Health,exiobase,Health_Social,LATAM,LATAM,250000000.0,4,Manufacturing,2.9898,1287.002,25.679,5.62561,1.25572,11.00247,4.66409
Proj_001,Health,exiobase,Health_Social,LATAM,LATAM,250000000.0,4,Transport_Logistics,1.31747,263.895,14.147,0.92581,0.79048,3.18168,4.79558
Proj_001,Health,exiobase,Health_Social,LATAM,LATAM,250000000.0,4,Health_Social,1.04746,168.171,21.479,1.18876,0.73322,1.08412,0.54468
Proj_001,Health,exiobase,Health_Social,LATAM,LATAM,250000000.0,4,Agriculture,0.56141,89.13,14.574,3.67585,0.42667,1.80775,0.65685
Proj_001,Health,exiobase,Health_Social,LATAM,LATAM,250000000.0,4,Mining_Extraction,2.55044,965.819,19.167,5.64115,1.42824,13.1985,4.64179
Proj_001,Health,exiobase,Health_Social,LATAM,LATAM,250000000.0,4,Water_Waste,0.72333,89.194,9.218,7.3433,0.4991,0.9982,0.47017
Proj_001,Health,exiobase,Health_Social,LATAM,LATAM,250000000.0,5,Construction,0.45619,116.821,7.013,0.4425,0.21897,0.94431,0.47444
Proj_001,Health,exiobase,Health_Social,LATAM,LATAM,250000000.0,5,Energy_Utilities,0.84654,181.173,4.345,1.30283,0.54179,8.27494,1.65076
Proj_001,Health,exiobase,Health_Social,LATAM,LATAM,250000000.0,5,Manufacturing,1.39601,600.93,11.99,2.62673,0.58632,5.1373,2.17777
Proj_001,Health,exiobase,Health_Social,LATAM,LATAM,250000000.0,5,Transport_Logistics,0.61474,123.135,6.601,0.43199,0.36884,1.48459,2.23764
Proj_001,Health,exiobase,Health_Social,LATAM,LATAM,250000000.0,5,Health_Social,0.48855,78.437,10.018,0.55445,0.34198,0.50565,0.25405
Proj_001,Health,exiobase,Health_Social,LATAM,LATAM,250000000.0,5,Agriculture,0.26154,41.522,6.79,1.71244,0.19877,0.84216,0.306
Proj_001,Health,exiobase,Health_Social,LATAM,LATAM,250000000.0,5,Mining_Extraction,1.19049,450.824,8.947,2.63317,0.66667,6.16079,2.16669
Proj_001,Health,exiobase,Health_Social,LATAM,LATAM,250000000.0,5,Water_Waste,0.33737,41.6,4.299,3.42493,0.23278,0.46556,0.21929
Proj_002,Health,exiobase,Health_Specialized,Africa,Africa,25000000.0,0,Construction,5.5,1643.18,109.494,6.6154,2.64,13.365,6.38
Proj_002,Health,exiobase,Health_Specialized,Africa,Africa,25000000.0,0,Energy_Utilities,1.75,555.94,11.267,3.29175,1.12,20.08125,3.80625
Proj_002,Health,exiobase,Health_Specialized,Africa,Africa,25000000.0,0,Manufacturing,8.75,4404.96,93.632,19.551,3.675,37.8,15.225
Proj_002,Health,exiobase,Health_Specialized,Africa,Africa,25000000.0,0,Transport_Logistics,1.5,336.105,20.202,1.22688,0.9,4.2525,6.09
Proj_002,Health,exiobase,Health_Specialized,Africa,Africa,25000000.0,0,Health_Social,4.5,840.924,116.786,6.08918,3.15,5.4675,2.61
Proj_002,Health,exiobase,Health_Specialized,Africa,Africa,25000000.0,0,Agriculture,0.25,41.16,8.14,2.00062,0.19,0.945,0.32625
Proj_002,Health,exiobase,Health_Specialized,Africa,Africa,25000000.0,0,Mining_Extraction,1.5,642.528,14.045,3.93984,0.84,9.1125,3.045
Proj_002,Health,exiobase,Health_Specialized,Africa,Africa,25000000.0,0,Water_Waste,1.25,193.325,21.33,14.57,0.8625,2.025,0.90625
Proj_002,Health,exiobase,Health_Specialized,Africa,Africa,25000000.0,1,Construction,1.12625,336.478,22.421,1.35465,0.5406,2.73679,1.30645
Proj_002,Health,exiobase,Health_Specialized,Africa,Africa,25000000.0,1,Energy_Utilities,1.7365,551.651,11.18,3.26636,1.11136,19.92634,3.77689
Proj_002,Health,exiobase,Health_Specialized,Africa,Africa,25000000.0,1,Manufacturing,2.982,1501.21,31.91,6.66298,1.25244,12.88224,5.18868
Proj_002,Health,exiobase,Health_Specialized,Africa,Africa,25000000.0,1,Transport_Logistics,1.2875,288.49,17.34,1.05307,0.7725,3.65006,5.22725
Proj_002,Health,exiobase,Health_Specialized,Africa,Africa,25000000.0,1,Health_Social,1.219,227.797,31.636,1.64949,0.8533,1.48109,0.70702
Proj_002,Health,exiobase,Health_Specialized,Africa,Africa,25000000.0,1,Agriculture,0.5315,87.506,17.306,4.25333,0.40394,2.00907,0.69361
Proj_002,Health,exiobase,Health_Specialized,Africa,Africa,25000000.0,1,Mining_Extraction,2.64925,1134.812,24.805,6.95841,1.48358,16.09419,5.37798
Proj_002,Health,exiobase,Health_Specialized,Africa,Africa,25000000.0,1,Water_Waste,0.68275,105.594,11.65,7.95813,0.4711,1.10606,0.49499
Proj_002,Health,exiobase,Health_Specialized,Africa,Africa,25000000.0,2,Construction,0.46385,138.579,9.234,0.55791,0.22265,1.12715,0.53806
Proj_002,Health,exiobase,Health_Specialized,Africa,Africa,25000000.0,2,Energy_Utilities,0.86043,273.342,5.539,1.61847,0.55068,9.87345,1.87144
Proj_002,Health,exiobase,Health_Specialized,Africa,Africa,25000000.0,2,Manufacturing,1.44138,725.627,15.424,3.22063,0.60538,6.22678,2.50801
Proj_002,Health,exiobase,Health_Specialized,Africa,Africa,25000000.0,2,Transport_Logistics,0.62738,140.577,8.45,0.51315,0.37643,1.77863,2.54717
Proj_002,Health,exiobase,Health_Specialized,Africa,Africa,25000000.0,2,Health_Social,0.50698,94.74,13.157,0.68602,0.35489,0.61598,0.29405
Proj_002,Health,exiobase,Health_Specialized,Africa,Africa,25000000.0,2,Agriculture,0.26549,43.711,8.644,2.12461,0.20177,1.00356,0.34647
Proj_002,Health,exiobase,Health_Specialized,Africa,Africa,25000000.0,2,Mining_Extraction,1.20467,516.021,11.28,3.16413,0.67461,7.31835,2.44547
Proj_002,Health,exiobase,Health_Specialized,Africa,Africa,25000000.0,2,Water_Waste,0.34005,52.592,5.803,3.9636,0.23463,0.55088,0.24653
Proj_002,Health,exiobase,Health_Specialized,Africa,Africa,25000000.0,3,Construction,0.21826,65.207,4.345,0.26252,0.10476,0.53037,0.25318
Proj_002,Health,exiobase,Health_Specialized,Africa,Africa,25000000.0,3,Energy_Utilities,0.40312,128.062,2.595,0.75826,0.25799,4.62576,0.87678
Proj_002,Health,exiobase,Health_Specialized,Africa,Africa,25000000.0,3,Manufacturing,0.66472,334.634,7.113,1.48524,0.27918,2.87158,1.15661
Proj_002,Health,exiobase,Health_Specialized,Africa,Africa,25000000.0,3,Transport_Logistics,0.293,65.652,3.946,0.23965,0.1758,0.83065,1.18958
Proj_002,Health,exiobase,Health_Specialized,Africa,Africa,25000000.0,3,Health_Social,0.23327,43.591,6.054,0.31564,0.16329,0.28342,0.13529
Proj_002,Health,exiobase,Health_Specialized,Africa,Africa,25000000.0,3,Agriculture,0.12479,20.546,4.063,0.99864,0.09484,0.47171,0.16285
Proj_002,Health,exiobase,Health_Specialized,Africa,Africa,25000000.0,3,Mining_Extraction,0.56869,243.6,5.325,1.4937,0.31847,3.45479,1.15444
Proj_002,Health,exiobase,Health_Specialized,Africa,Africa,25000000.0,3,Water_Waste,0.16071,24.855,2.742,1.87318,0.11089,0.26034,0.11651
Proj_002,Health,exiobase,Health_Specialized,Africa,Africa,25000000.0,4,Construction,0.10151,30.328,2.021,0.1221,0.04873,0.24668,0.11776
Proj_002,Health,exiobase,Health_Specialized,Africa,Africa,25000000.0,4,Energy_Utilities,0.18841,59.855,1.213,0.35441,0.12058,2.16205,0.4098
Proj_002,Health,exiobase,Health_Specialized,Africa,Africa,25000000.0,4,Manufacturing,0.31087,156.502,3.327,0.69462,0.13057,1.34298,0.54092
Proj_002,Health,exiobase,Health_Specialized,Africa,Africa,25000000.0,4,Transport_Logistics,0.13683,30.659,1.843,0.11191,0.0821,0.38791,0.55552
Proj_002,Health,exiobase,Health_Specialized,Africa,Africa,25000000.0,4,Health_Social,0.10874,20.321,2.822,0.14715,0.07612,0.13212,0.06307
Proj_002,Health,exiobase,Health_Specialized,Africa,Africa,25000000.0,4,Agriculture,0.05819,9.58,1.895,0.46565,0.04422,0.21995,0.07594
Proj_002,Health,exiobase,Health_Specialized,Africa,Africa,25000000.0,4,Mining_Extraction,0.26492,113.477,2.48,0.69582,0.14835,1.60937,0.53778
Proj_002,Health,exiobase,Health_Specialized,Africa,Africa,25000000.0,4,Water_Waste,0.07506,11.608,1.281,0.87485,0.05179,0.12159,0.05442
Proj_002,Health,exiobase,Health_Specialized,Africa,Africa,25000000.0,5,Construction,0.04741,14.163,0.944,0.05702,0.02275,0.1152,0.05499
Proj_002,Health,exiobase,Health_Specialized,Africa,Africa,25000000.0,5,Energy_Utilities,0.08794,27.935,0.566,0.16541,0.05628,1.00906,0.19126
Proj_002,Health,exiobase,Health_Specialized,Africa,Africa,25000000.0,5,Manufacturing,0.14503,73.01,1.552,0.32405,0.06091,0.62651,0.25235
Proj_002,Health,exiobase,Health_Specialized,Africa,Africa,25000000.0,5,Transport_Logistics,0.06386,14.308,0.86,0.05223,0.03831,0.18103,0.25926
Proj_002,Health,exiobase,Health_Specialized,Africa,Africa,25000000.0,5,Health_Social,0.05074,9.483,1.317,0.06867,0.03552,0.06166,0.02943
Proj_002,Health,exiobase,Health_Specialized,Africa,Africa,25000000.0,5,Agriculture,0.02715,4.471,0.884,0.21731,0.02064,0.10265,0.03544
Proj_002,Health,exiobase,Health_Specialized,Africa,Africa,25000000.0,5,Mining_Extraction,0.12371,52.99,1.158,0.32493,0.06928,0.75152,0.25113
Proj_002,Health,exiobase,Health_Specialized,Africa,Africa,25000000.0,5,Water_Waste,0.03504,5.419,0.598,0.40842,0.02418,0.05676,0.0254
Proj_003,Health,exiobase,Health_General,Europe,Europe,75000000.0,0,Construction,22.5,3745.17,192.78,13.095,10.8,29.16,12.24
Proj_003,Health,exiobase,Health_General,Europe,Europe,75000000.0,0,Energy_Utilities,7.5,652.08,23.49,7.524,4.8,45.9,7.65
Proj_003,Health,exiobase,Health_General,Europe,Europe,75000000.0,0,Manufacturing,16.5,4815.36,83.635,19.8891,6.93,38.016,13.464
Proj_003,Health,exiobase,Health_General,Europe,Europe,75000000.0,0,Transport_Logistics,6.0,814.8,42.588,2.69568,3.6,9.072,11.424
Proj_003,Health,exiobase,Health_General,Europe,Europe,75000000.0,0,Health_Social,11.25,1125.18,129.762,7.857,7.875,7.29,3.06
Proj_003,Health,exiobase,Health_General,Europe,Europe,75000000.0,0,Agriculture,1.5,187.425,22.44,5.0925,1.14,3.024,0.918
Proj_003,Health,exiobase,Health_General,Europe,Europe,75000000.0,0,Mining_Extraction,3.75,838.08,16.632,5.184,2.1,12.15,3.57
Proj_003,Health,exiobase,Health_General,Europe,Europe,75000000.0,0,Water_Waste,6.0,438.9,50.544,38.352,4.14,5.184,2.04
Proj_003,Health,exiobase,Health_General,Europe,Europe,75000000.0,1,Construction,2.90625,483.751,24.901,1.69144,1.395,3.7665,1.581
Proj_003,Health,exiobase,Health_General,Europe,Europe,75000000.0,1,Energy_Utilities,5.346,464.803,16.744,5.36311,3.42144,32.71752,5.45292
Proj_003,Health,exiobase,Health_General,Europe,Europe,75000000.0,1,Manufacturing,9.04875,2640.787,45.866,10.90736,3.80048,20.84832,7.38378
Proj_003,Health,exiobase,Health_General,Europe,Europe,75000000.0,1,Transport_Logistics,3.85125,523.0,27.336,1.73029,2.31075,5.82309,7.33278
Proj_003,Health,exiobase,Health_General,Europe,Europe,75000000.0,1,Health_Social,3.66,366.059,42.216,2.55614,2.562,2.37168,0.99552
Proj_003,Health,exiobase,Health_General,Europe,Europe,75000000.0,1,Agriculture,1.5195,189.862,22.732,5.1587,1.15482,3.06331,0.92993
Proj_003,Health,exiobase,Health_General,Europe,Europe,75000000.0,1,Mining_Extraction,6.96375,1556.315,30.886,9.62669,3.8997,22.56255,6.62949
Proj_003,Health,exiobase,Health_General,Europe,Europe,75000000.0,1,Water_Waste,2.082,152.298,17.539,13.30814,1.43658,1.79885,0.70788
Proj_003,Health,exiobase,Health_General,Europe,Europe,75000000.0,2,Construction,1.35359,225.308,11.598,0.78779,0.64972,1.75425,0.73635
Proj_003,Health,exiobase,Health_General,Europe,Europe,75000000.0,2,Energy_Utilities,2.48178,215.776,7.773,2.48972,1.58834,15.1885,2.53142
Proj_003,Health,exiobase,Health_General,Europe,Europe,75000000.0,2,Manufacturing,4.06924,1187.567,20.626,4.90506,1.70908,9.37553,3.3205
Proj_003,Health,exiobase,Health_General,Europe,Europe,75000000.0,2,Transport_Logistics,1.80748,245.456,12.83,0.81207,1.08449,2.73291,3.44144
Proj_003,Health,exiobase,Health_General,Europe,Europe,75000000.0,2,Health_Social,1.47231,147.255,16.982,1.02826,1.03062,0.95406,0.40047
Proj_003,Health,exiobase,Health_General,Europe,Europe,75000000.0,2,Agriculture,0.77428,96.747,11.583,2.62869,0.58846,1.56096,0.47386
Proj_003,Health,exiobase,Health_General,Europe,Europe,75000000.0,2,Mining_Extraction,3.50626,783.607,15.551,4.84706,1.96351,11.36029,3.33796
Proj_003,Health,exiobase,Health_General,Europe,Europe,75000000.0,2,Water_Waste,0.99797,73.001,8.407,6.379,0.6886,0.86224,0.33931
Proj_003,Health,exiobase,Health_General,Europe,Europe,75000000.0,3,Construction,0.62449,103.948,5.351,0.36345,0.29976,0.80934,0.33972
Proj_003,Health,exiobase,Health_General,Europe,Europe,75000000.0,3,Energy_Utilities,1.16242,101.065,3.641,1.16614,0.74395,7.11401,1.18567
Proj_003,Health,exiobase,Health_General,Europe,Europe,75000000.0,3,Manufacturing,1.91715,559.502,9.718,2.31094,0.8052,4.41712,1.5644
Proj_003,Health,exiobase,Health_General,Europe,Europe,75000000.0,3,Transport_Logistics,0.84425,114.649,5.992,0.3793,0.50655,1.2765,1.60745
Proj_003,Health,exiobase,Health_General,Europe,Europe,75000000.0,3,Health_Social,0.67287,67.297,7.761,0.46993,0.47101,0.43602,0.18302
Proj_003,Health,exiobase,Health_General,Europe,Europe,75000000.0,3,Agriculture,0.36015,45.001,5.388,1.22271,0.27371,0.72606,0.22041
Proj_003,Health,exiobase,Health_General,Europe,Europe,75000000.0,3,Mining_Extraction,1.6293,364.129,7.226,2.25235,0.91241,5.27894,1.55109
Proj_003,Health,exiobase,Health_General,Europe,Europe,75000000.0,3,Water_Waste,0.46351,33.906,3.905,2.96278,0.31982,0.40048,0.15759
Proj_003,Health,exiobase,Health_General,Europe,Europe,75000000.0,4,Construction,0.29223,48.643,2.504,0.17008,0.14027,0.37873,0.15897
Proj_003,Health,exiobase,Health_General,Europe,Europe,75000000.0,4,Energy_Utilities,0.5421,47.133,1.698,0.54384,0.34695,3.31767,0.55294
Proj_003,Health,exiobase,Health_General,Europe,Europe,75000000.0,4,Manufacturing,0.89353,260.767,4.529,1.07706,0.37528,2.05869,0.72912
Proj_003,Health,exiobase,Health_General,Europe,Europe,75000000.0,4,Transport_Logistics,0.3937,53.464,2.794,0.17688,0.23622,0.59527,0.7496
Proj_003,Health,exiobase,Health_General,Europe,Europe,75000000.0,4,Health_Social,0.313,31.305,3.61,0.2186,0.2191,0.20282,0.08514
Proj_003,Health,exiobase,Health_General,Europe,Europe,75000000.0,4,Agriculture,0.16765,20.948,2.508,0.56918,0.12742,0.33799,0.1026
Proj_003,Health,exiobase,Health_General,Europe,Europe,75000000.0,4,Mining_Extraction,0.76248,170.405,3.382,1.05405,0.42699,2.47043,0.72588
Proj_003,Health,exiobase,Health_General,Europe,Europe,75000000.0,4,Water_Waste,0.21614,15.811,1.821,1.38159,0.14914,0.18675,0.07349
Proj_003,Health,exiobase,Health_General,Europe,Europe,75000000.0,5,Construction,0.13634,22.695,1.168,0.07935,0.06545,0.1767,0.07417
Proj_003,Health,exiobase,Health_General,Europe,Europe,75000000.0,5,Energy_Utilities,0.25301,21.998,0.792,0.25382,0.16193,1.54842,0.25807
Proj_003,Health,exiobase,Health_General,Europe,Europe,75000000.0,5,Manufacturing,0.41726,121.774,2.115,0.50297,0.17525,0.96138,0.34049
Proj_003,Health,exiobase,Health_General,Europe,Europe,75000000.0,5,Transport_Logistics,0.18373,24.95,1.304,0.08254,0.11024,0.27779,0.34981
Proj_003,Health,exiobase,Health_General,Europe,Europe,75000000.0,5,Health_Social,0.14601,14.603,1.684,0.10197,0.10221,0.09461,0.03971
Proj_003,Health,exiobase,Health_General,Europe,Europe,75000000.0,5,Agriculture,0.07815,9.765,1.169,0.26532,0.05939,0.15755,0.04783
Proj_003,Health,exiobase,Health_General,Europe,Europe,75000000.0,5,Mining_Extraction,0.35581,79.52,1.578,0.49188,0.19926,1.15284,0.33874
Proj_003,Health,exiobase,Health_General,Europe,Europe,75000000.0,5,Water_Waste,0.10082,7.375,0.849,0.64446,0.06957,0.08711,0.03428
Hydro_AF,Energy,exiobase,Energy,Africa,Africa,30000000.0,0,Construction,11.4,3405.864,226.951,13.71192,5.472,27.702,13.224
Hydro_AF,Energy,exiobase,Energy,Africa,Africa,30000000.0,0,Energy_Utilities,3.0,953.04,19.314,5.643,1.92,34.425,6.525
Hydro_AF,Energy,exiobase,Energy,Africa,Africa,30000000.0,0,Manufacturing,9.6,4832.87,102.728,21.45024,4.032,41.472,16.704
Hydro_AF,Energy,exiobase,Energy,Africa,Africa,30000000.0,0,Transport_Logistics,2.1,470.547,28.283,1.71763,1.26,5.9535,8.526
Hydro_AF,Energy,exiobase,Energy,Africa,Africa,30000000.0,0,Health_Social,0.9,168.185,23.357,1.21784,0.63,1.0935,0.522
Hydro_AF,Energy,exiobase,Energy,Africa,Africa,30000000.0,0,Agriculture,0.3,49.392,9.768,2.40075,0.228,1.134,0.3915
Hydro_AF,Energy,exiobase,Energy,Africa,Africa,30000000.0,0,Mining_Extraction,2.1,899.539,19.663,5.51578,1.176,12.7575,4.263
Hydro_AF,Energy,exiobase,Energy,Africa,Africa,30000000.0,0,Water_Waste,0.6,92.796,10.238,6.9936,0.414,0.972,0.435
Hydro_AF,Energy,exiobase,Energy,Africa,Africa,30000000.0,1,Construction,1.425,425.733,28.369,1.71399,0.684,3.46275,1.653
Hydro_AF,Energy,exiobase,Energy,Africa,Africa,30000000.0,1,Energy_Utilities,2.2254,706.965,14.327,4.18598,1.42426,25.53647,4.84024
Hydro_AF,Energy,exiobase,Energy,Africa,Africa,30000000.0,1,Manufacturing,4.1973,2113.022,44.914,9.37845,1.76287,18.13234,7.3033
Hydro_AF,Energy,exiobase,Energy,Africa,Africa,30000000.0,1,Transport_Logistics,1.65,369.716,22.222,1.34957,0.99,4.67775,6.699
Hydro_AF,Energy,exiobase,Energy,Africa,Africa,30000000.0,1,Health_Social,1.3488,252.053,35.005,1.82513,0.94416,1.63879,0.7823
Hydro_AF,Energy,exiobase,Energy,Africa,Africa,30000000.0,1,Agriculture,0.5118,84.263,16.664,4.09568,0.38897,1.9346,0.6679
Hydro_AF,Energy,exiobase,Energy,Africa,Africa,30000000.0,1,Mining_Extraction,3.4842,1492.464,32.623,9.15146,1.95115,21.16652,7.07293
Hydro_AF,Energy,exiobase,Energy,Africa,Africa,30000000.0,1,Water_Waste,0.7602,117.573,12.972,8.86089,0.52454,1.23152,0.55114
Hydro_AF,Energy,exiobase,Energy,Africa,Africa,30000000.0,2,Construction,0.61982,185.178,12.339,0.74552,0.29751,1.50617,0.71899
Hydro_AF,Energy,exiobase,Energy,Africa,Africa,30000000.0,2,Energy_Utilities,1.10766,351.882,7.131,2.08351,0.7089,12.71043,2.40917
Hydro_AF,Energy,exiobase,Energy,Africa,Africa,30000000.0,2,Manufacturing,1.88167,947.279,20.135,4.20441,0.7903,8.12883,3.27411
Hydro_AF,Energy,exiobase,Energy,Africa,Africa,30000000.0,2,Transport_Logistics,0.80634,180.677,10.86,0.65952,0.4838,2.28598,3.27375
Hydro_AF,Energy,exiobase,Energy,Africa,Africa,30000000.0,2,Health_Social,0.63948,119.501,16.596,0.86532,0.44764,0.77697,0.3709
Hydro_AF,Energy,exiobase,Energy,Africa,Africa,30000000.0,2,Agriculture,0.31955,52.61,10.405,2.55719,0.24286,1.20789,0.41701
Hydro_AF,Energy,exiobase,Energy,Africa,Africa,30000000.0,2,Mining_Extraction,1.60977,689.547,15.073,4.22815,0.90147,9.77933,3.26783
Hydro_AF,Energy,exiobase,Energy,Africa,Africa,30000000.0,2,Water_Waste,0.429,66.349,7.32,5.00042,0.29601,0.69498,0.31102
Hydro_AF,Energy,exiobase,Energy,Africa,Africa,30000000.0,3,Construction,0.28515,85.193,5.677,0.34298,0.13687,0.69292,0.33078
Hydro_AF,Energy,exiobase,Energy,Africa,Africa,30000000.0,3,Energy_Utilities,0.52477,166.71,3.378,0.9871,0.33586,6.02178,1.14138
Hydro_AF,Energy,exiobase,Energy,Africa,Africa,30000000.0,3,Manufacturing,0.87227,439.122,9.334,1.949,0.36635,3.76821,1.51775
Hydro_AF,Energy,exiobase,Energy,Africa,Africa,30000000.0,3,Transport_Logistics,0.38103,85.378,5.132,0.31166,0.22862,1.08023,1.547
Hydro_AF,Energy,exiobase,Energy,Africa,Africa,30000000.0,3,Health_Social,0.30223,56.478,7.844,0.40896,0.21156,0.36721,0.17529
Hydro_AF,Energy,exiobase,Energy,Africa,Africa,30000000.0,3,Agriculture,0.15891,26.164,5.174,1.27171,0.12077,0.6007,0.20738
Hydro_AF,Energy,exiobase,Energy,Africa,Africa,30000000.0,3,Mining_Extraction,0.74384,318.625,6.965,1.95374,0.41655,4.51882,1.50999
Hydro_AF,Energy,exiobase,Energy,Africa,Africa,30000000.0,3,Water_Waste,0.20753,32.096,3.541,2.41894,0.14319,0.33619,0.15046
Hydro_AF,Energy,exiobase,Energy,Africa,Africa,30000000.0,4,Construction,0.13276,39.663,2.643,0.15968,0.06372,0.32261,0.154
Hydro_AF,Energy,exiobase,Energy,Africa,Africa,30000000.0,4,Energy_Utilities,0.24573,78.062,1.582,0.46221,0.15726,2.8197,0.53445
Hydro_AF,Energy,exiobase,Energy,Africa,Africa,30000000.0,4,Manufacturing,0.40608,204.429,4.345,0.90734,0.17055,1.75425,0.70657
Hydro_AF,Energy,exiobase,Energy,Africa,Africa,30000000.0,4,Transport_Logistics,0.17842,39.978,2.403,0.14593,0.10705,0.50581,0.72437
Hydro_AF,Energy,exiobase,Energy,Africa,Africa,30000000.0,4,Health_Social,0.14169,26.478,3.677,0.19173,0.09918,0.17216,0.08218
Hydro_AF,Energy,exiobase,Energy,Africa,Africa,30000000.0,4,Agriculture,0.07545,12.422,2.457,0.60381,0.05734,0.28521,0.09847
Hydro_AF,Energy,exiobase,Energy,Africa,Africa,30000000.0,4,Mining_Extraction,0.34643,148.395,3.244,0.90993,0.194,2.10458,0.70326
Hydro_AF,Energy,exiobase,Energy,Africa,Africa,30000000.0,4,Water_Waste,0.09772,15.113,1.667,1.13901,0.06743,0.1583,0.07085
Hydro_AF,Energy,exiobase,Energy,Africa,Africa,30000000.0,5,Construction,0.06191,18.496,1.233,0.07447,0.02972,0.15044,0.07182
Hydro_AF,Energy,exiobase,Energy,Africa,Africa,30000000.0,5,Energy_Utilities,0.11479,36.466,0.739,0.21592,0.07346,1.3172,0.24967
Hydro_AF,Energy,exiobase,Energy,Africa,Africa,30000000.0,5,Manufacturing,0.18943,95.364,2.027,0.42327,0.07956,0.81834,0.32961
Hydro_AF,Energy,exiobase,Energy,Africa,Africa,30000000.0,5,Transport_Logistics,0.08335,18.676,1.123,0.06817,0.05001,0.2363,0.3384
Hydro_AF,Energy,exiobase,Energy,Africa,Africa,30000000.0,5,Health_Social,0.06622,12.375,1.719,0.08961,0.04636,0.08046,0.03841
Hydro_AF,Energy,exiobase,Energy,Africa,Africa,30000000.0,5,Agriculture,0.03538,5.826,1.152,0.28317,0.02689,0.13375,0.04618
Hydro_AF,Energy,exiobase,Energy,Africa,Africa,30000000.0,5,Mining_Extraction,0.16156,69.206,1.513,0.42436,0.09048,0.9815,0.32798
Hydro_AF,Energy,exiobase,Energy,Africa,Africa,30000000.0,5,Water_Waste,0.04571,7.07,0.78,0.53282,0.03154,0.07405,0.03314
Hydro_AS,Energy,exiobase,Energy,Asia,Asia,150000000.0,0,Construction,57.0,15812.94,991.116,62.80944,27.36,128.25,61.56
Hydro_AS,Energy,exiobase,Energy,Asia,Asia,150000000.0,0,Energy_Utilities,15.0,4213.44,86.13,25.992,9.6,159.375,30.375
Hydro_AS,Energy,exiobase,Energy,Asia,Asia,150000000.0,0,Manufacturing,48.0,22763.52,479.846,104.4288,20.16,192.0,77.76
Hydro_AS,Energy,exiobase,Energy,Asia,Asia,150000000.0,0,Transport_Logistics,10.5,2227.969,131.859,8.34624,6.3,27.5625,39.69
Hydro_AS,Energy,exiobase,Energy,Asia,Asia,150000000.0,0,Health_Social,4.5,781.704,102.368,5.69632,3.15,5.0625,2.43
Hydro_AS,Energy,exiobase,Energy,Asia,Asia,150000000.0,0,Agriculture,1.5,242.55,45.54,11.27625,1.14,5.25,1.8225
Hydro_AS,Energy,exiobase,Energy,Asia,Asia,150000000.0,0,Mining_Extraction,10.5,4236.96,91.846,26.85312,5.88,59.0625,19.845
Hydro_AS,Energy,exiobase,Energy,Asia,Asia,150000000.0,0,Water_Waste,3.0,413.82,44.712,34.2912,2.07,4.5,2.025
Hydro_AS,Energy,exiobase,Energy,Asia,Asia,150000000.0,1,Construction,7.125,1976.617,123.889,7.85118,3.42,16.03125,7.695
Hydro_AS,Energy,exiobase,Energy,Asia,Asia,150000000.0,1,Energy_Utilities,11.127,3125.53,63.891,19.28087,7.12128,118.22438,22.53218
Hydro_AS,Energy,exiobase,Energy,Asia,Asia,150000000.0,1,Manufacturing,20.9865,9952.638,209.798,45.65823,8.81433,83.946,33.99813
Hydro_AS,Energy,exiobase,Energy,Asia,Asia,150000000.0,1,Transport_Logistics,8.25,1750.547,103.603,6.55776,4.95,21.65625,31.185
Hydro_AS,Energy,exiobase,Energy,Asia,Asia,150000000.0,1,Health_Social,6.744,1171.514,153.415,8.53689,4.7208,7.587,3.64176
Hydro_AS,Energy,exiobase,Energy,Asia,Asia,150000000.0,1,Agriculture,2.559,413.79,77.691,19.23728,1.94484,8.9565,3.10919
Hydro_AS,Energy,exiobase,Energy,Asia,Asia,150000000.0,1,Mining_Extraction,17.421,7029.722,152.385,44.55316,9.75576,97.99312,32.92569
Hydro_AS,Energy,exiobase,Energy,Asia,Asia,150000000.0,1,Water_Waste,3.801,524.31,56.65,43.44695,2.62269,5.7015,2.56568
Hydro_AS,Energy,exiobase,Energy,Asia,Asia,150000000.0,2,Construction,3.09911,859.754,53.887,3.41497,1.48757,6.97299,3.34703
Hydro_AS,Energy,exiobase,Energy,Asia,Asia,150000000.0,2,Energy_Utilities,5.53831,1555.69,31.801,9.59679,3.54452,58.84457,11.21508
Hydro_AS,Energy,exiobase,Energy,Asia,Asia,150000000.0,2,Manufacturing,9.40837,4461.823,94.054,20.46884,3.95151,37.63346,15.24155
Hydro_AS,Energy,exiobase,Energy,Asia,Asia,150000000.0,2,Transport_Logistics,4.03171,855.478,50.63,3.20472,2.41902,10.58323,15.23985
Hydro_AS,Energy,exiobase,Energy,Asia,Asia,150000000.0,2,Health_Social,3.19741,555.429,72.736,4.04744,2.23819,3.59709,1.7266
Hydro_AS,Energy,exiobase,Energy,Asia,Asia,150000000.0,2,Agriculture,1.59774,258.355,48.507,12.01103,1.21428,5.5921,1.94126
Hydro_AS,Energy,exiobase,Energy,Asia,Asia,150000000.0,2,Mining_Extraction,8.04883,3247.865,70.405,20.58441,4.50735,45.27469,15.2123
Hydro_AS,Energy,exiobase,Energy,Asia,Asia,150000000.0,2,Water_Waste,2.145,295.881,31.969,24.51817,1.48005,3.2175,1.44787
Hydro_AS,Energy,exiobase,Energy,Asia,Asia,150000000.0,3,Construction,1.42577,395.537,24.791,1.57109,0.68437,3.20798,1.53983
Hydro_AS,Energy,exiobase,Energy,Asia,Asia,150000000.0,3,Energy_Utilities,2.62387,737.035,15.066,4.54664,1.67928,27.87863,5.31334
Hydro_AS,Energy,exiobase,Energy,Asia,Asia,150000000.0,3,Manufacturing,4.36135,2068.328,43.6,9.48856,1.83177,17.44541,7.06539
Hydro_AS,Energy,exiobase,Energy,Asia,Asia,150000000.0,3,Transport_Logistics,1.90517,404.254,23.925,1.51438,1.1431,5.00107,7.20155
Hydro_AS,Energy,exiobase,Energy,Asia,Asia,150000000.0,3,Health_Social,1.51114,262.504,34.376,1.91288,1.0578,1.70004,0.81602
Hydro_AS,Energy,exiobase,Energy,Asia,Asia,150000000.0,3,Agriculture,0.79457,128.482,24.123,5.97318,0.60387,2.781,0.9654
Hydro_AS,Energy,exiobase,Energy,Asia,Asia,150000000.0,3,Mining_Extraction,3.71919,1500.769,32.533,9.51161,2.08275,20.92046,7.02927
Hydro_AS,Energy,exiobase,Energy,Asia,Asia,150000000.0,3,Water_Waste,1.03764,143.132,15.465,11.8606,0.71597,1.55645,0.7004
Hydro_AS,Energy,exiobase,Energy,Asia,Asia,150000000.0,4,Construction,0.6638,184.151,11.542,0.73145,0.31862,1.49355,0.7169
Hydro_AS,Energy,exiobase,Energy,Asia,Asia,150000000.0,4,Energy_Utilities,1.22863,345.116,7.055,2.12896,0.78632,13.05415,2.48797
Hydro_AS,Energy,exiobase,Energy,Asia,Asia,150000000.0,4,Manufacturing,2.03038,962.889,20.297,4.4173,0.85276,8.12153,3.28922
Hydro_AS,Energy,exiobase,Energy,Asia,Asia,150000000.0,4,Transport_Logistics,0.89208,189.289,11.203,0.7091,0.53525,2.34172,3.37208
Hydro_AS,Energy,exiobase,Energy,Asia,Asia,150000000.0,4,Health_Social,0.70846,123.068,16.116,0.8968,0.49592,0.79702,0.38257
Hydro_AS,Energy,exiobase,Energy,Asia,Asia,150000000.0,4,Agriculture,0.37726,61.003,11.454,2.83606,0.28672,1.32041,0.45837
Hydro_AS,Energy,exiobase,Energy,Asia,Asia,150000000.0,4,Mining_Extraction,1.73217,698.963,15.152,4.42991,0.97001,9.74343,3.27379
Hydro_AS,Energy,exiobase,Energy,Asia,Asia,150000000.0,4,Water_Waste,0.48859,67.397,7.282,5.58481,0.33713,0.73289,0.3298
Hydro_AS,Energy,exiobase,Energy,Asia,Asia,150000000.0,5,Construction,0.30955,85.876,5.382,0.3411,0.14858,0.69649,0.33431
Hydro_AS,Energy,exiobase,Energy,Asia,Asia,150000000.0,5,Energy_Utilities,0.57394,161.219,3.296,0.99453,0.36732,6.09816,1.16224
Hydro_AS,Energy,exiobase,Energy,Asia,Asia,150000000.0,5,Manufacturing,0.94716,449.18,9.469,2.06064,0.39781,3.78863,1.53439
Hydro_AS,Energy,exiobase,Energy,Asia,Asia,150000000.0,5,Transport_Logistics,0.41675,88.43,5.234,0.33127,0.25005,1.09398,1.57533
Hydro_AS,Energy,exiobase,Energy,Asia,Asia,150000000.0,5,Health_Social,0.33111,57.518,7.532,0.41914,0.23178,0.3725,0.1788
Hydro_AS,Energy,exiobase,Energy,Asia,Asia,150000000.0,5,Agriculture,0.17692,28.609,5.371,1.33003,0.13446,0.61924,0.21496
Hydro_AS,Energy,exiobase,Energy,Asia,Asia,150000000.0,5,Mining_Extraction,0.80782,325.972,7.066,2.06596,0.45238,4.544,1.52678
Hydro_AS,Energy,exiobase,Energy,Asia,Asia,150000000.0,5,Water_Waste,0.22856,31.528,3.406,2.61254,0.15771,0.34284,0.15428
Hydro_EU,Energy,exiobase,Energy,Europe,Europe,2000000.0,0,Construction,0.76,126.504,6.512,0.44232,0.3648,0.98496,0.41344
Hydro_EU,Energy,exiobase,Energy,Europe,Europe,2000000.0,0,Energy_Utilities,0.2,17.389,0.626,0.20064,0.128,1.224,0.204
Hydro_EU,Energy,exiobase,Energy,Europe,Europe,2000000.0,0,Manufacturing,0.64,186.778,3.244,0.77146,0.2688,1.47456,0.52224
Hydro_EU,Energy,exiobase,Energy,Europe,Europe,2000000.0,0,Transport_Logistics,0.14,19.012,0.994,0.0629,0.084,0.21168,0.26656
Hydro_EU,Energy,exiobase,Energy,Europe,Europe,2000000.0,0,Health_Social,0.06,6.001,0.692,0.0419,0.042,0.03888,0.01632
Hydro_EU,Energy,exiobase,Energy,Europe,Europe,2000000.0,0,Agriculture,0.02,2.499,0.299,0.0679,0.0152,0.04032,0.01224
Hydro_EU,Energy,exiobase,Energy,Europe,Europe,2000000.0,0,Mining_Extraction,0.14,31.288,0.621,0.19354,0.0784,0.4536,0.13328
Hydro_EU,Energy,exiobase,Energy,Europe,Europe,2000000.0,0,Water_Waste,0.04,2.926,0.337,0.25568,0.0276,0.03456,0.0136
Hydro_EU,Energy,exiobase,Energy,Europe,Europe,2000000.0,1,Construction,0.095,15.813,0.814,0.05529,0.0456,0.12312,0.05168
Hydro_EU,Energy,exiobase,Energy,Europe,Europe,2000000.0,1,Energy_Utilities,0.14836,12.899,0.465,0.14883,0.09495,0.90796,0.15133
Hydro_EU,Energy,exiobase,Energy,Europe,Europe,2000000.0,1,Manufacturing,0.27982,81.663,1.418,0.3373,0.11752,0.64471,0.22833
Hydro_EU,Energy,exiobase,Energy,Europe,Europe,2000000.0,1,Transport_Logistics,0.11,14.938,0.781,0.04942,0.066,0.16632,0.20944
Hydro_EU,Energy,exiobase,Energy,Europe,Europe,2000000.0,1,Health_Social,0.08992,8.993,1.037,0.0628,0.06294,0.05827,0.02446
Hydro_EU,Energy,exiobase,Energy,Europe,Europe,2000000.0,1,Agriculture,0.03412,4.263,0.51,0.11584,0.02593,0.06879,0.02088
Hydro_EU,Energy,exiobase,Energy,Europe,Europe,2000000.0,1,Mining_Extraction,0.23228,51.912,1.03,0.3211,0.13008,0.75259,0.22113
Hydro_EU,Energy,exiobase,Energy,Europe,Europe,2000000.0,1,Water_Waste,0.05068,3.707,0.427,0.32395,0.03497,0.04379,0.01723
Hydro_EU,Energy,exiobase,Energy,Europe,Europe,2000000.0,2,Construction,0.04132,6.878,0.354,0.02405,0.01983,0.05355,0.02248
Hydro_EU,Energy,exiobase,Energy,Europe,Europe,2000000.0,2,Energy_Utilities,0.07384,6.42,0.231,0.07408,0.04726,0.45193,0.07532
Hydro_EU,Energy,exiobase,Energy,Europe,Europe,2000000.0,2,Manufacturing,0.12544,36.61,0.636,0.15121,0.05269,0.28903,0.10236
Hydro_EU,Energy,exiobase,Energy,Europe,Europe,2000000.0,2,Transport_Logistics,0.05376,7.3,0.382,0.02415,0.03225,0.08128,0.10235
Hydro_EU,Energy,exiobase,Energy,Europe,Europe,2000000.0,2,Health_Social,0.04263,4.264,0.492,0.02977,0.02984,0.02763,0.0116
Hydro_EU,Energy,exiobase,Energy,Europe,Europe,2000000.0,2,Agriculture,0.0213,2.662,0.319,0.07232,0.01619,0.04295,0.01304
Hydro_EU,Energy,exiobase,Energy,Europe,Europe,2000000.0,2,Mining_Extraction,0.10732,23.984,0.476,0.14836,0.0601,0.34771,0.10217
Hydro_EU,Energy,exiobase,Energy,Europe,Europe,2000000.0,2,Water_Waste,0.0286,2.092,0.241,0.18281,0.01973,0.02471,0.00972
Hydro_EU,Energy,exiobase,Energy,Europe,Europe,2000000.0,3,Construction,0.01901,3.164,0.163,0.01106,0.00912,0.02464,0.01034
Hydro_EU,Energy,exiobase,Energy,Europe,Europe,2000000.0,3,Energy_Utilities,0.03498,3.042,0.11,0.0351,0.02239,0.21411,0.03568
Hydro_EU,Energy,exiobase,Energy,Europe,Europe,2000000.0,3,Manufacturing,0.05815,16.971,0.295,0.0701,0.02442,0.13398,0.04745
Hydro_EU,Energy,exiobase,Energy,Europe,Europe,2000000.0,3,Transport_Logistics,0.0254,3.45,0.18,0.01141,0.01524,0.03841,0.04837
Hydro_EU,Energy,exiobase,Energy,Europe,Europe,2000000.0,3,Health_Social,0.02015,2.015,0.232,0.01407,0.0141,0.01306,0.00548
Hydro_EU,Energy,exiobase,Energy,Europe,Europe,2000000.0,3,Agriculture,0.01059,1.324,0.158,0.03597,0.00805,0.02136,0.00648
Hydro_EU,Energy,exiobase,Energy,Europe,Europe,2000000.0,3,Mining_Extraction,0.04959,11.083,0.22,0.06855,0.02777,0.16067,0.04721
Hydro_EU,Energy,exiobase,Energy,Europe,Europe,2000000.0,3,Water_Waste,0.01384,1.012,0.117,0.08843,0.00955,0.01195,0.0047
Hydro_EU,Energy,exiobase,Energy,Europe,Europe,2000000.0,4,Construction,0.00885,1.473,0.076,0.00515,0.00425,0.01147,0.00481
Hydro_EU,Energy,exiobase,Energy,Europe,Europe,2000000.0,4,Energy_Utilities,0.01638,1.424,0.051,0.01643,0.01048,0.10026,0.01671
Hydro_EU,Energy,exiobase,Energy,Europe,Europe,2000000.0,4,Manufacturing,0.02707,7.901,0.137,0.03263,0.01137,0.06237,0.02209
Hydro_EU,Energy,exiobase,Energy,Europe,Europe,2000000.0,4,Transport_Logistics,0.01189,1.615,0.084,0.00534,0.00714,0.01798,0.02265
Hydro_EU,Energy,exiobase,Energy,Europe,Europe,2000000.0,4,Health_Social,0.00945,0.945,0.109,0.0066,0.00661,0.00612,0.00257
Hydro_EU,Energy,exiobase,Energy,Europe,Europe,2000000.0,4,Agriculture,0.00503,0.629,0.075,0.01708,0.00382,0.01014,0.00308
Hydro_EU,Energy,exiobase,Energy,Europe,Europe,2000000.0,4,Mining_Extraction,0.0231,5.162,0.102,0.03193,0.01293,0.07483,0.02199
Hydro_EU,Energy,exiobase,Energy,Europe,Europe,2000000.0,4,Water_Waste,0.00651,0.477,0.055,0.04164,0.0045,0.00563,0.00221
Hydro_EU,Energy,exiobase,Energy,Europe,Europe,2000000.0,5,Construction,0.00413,0.687,0.035,0.0024,0.00198,0.00535,0.00225
Hydro_EU,Energy,exiobase,Energy,Europe,Europe,2000000.0,5,Energy_Utilities,0.00765,0.665,0.024,0.00768,0.0049,0.04683,0.00781
Hydro_EU,Energy,exiobase,Energy,Europe,Europe,2000000.0,5,Manufacturing,0.01263,3.686,0.064,0.01522,0.0053,0.0291,0.01031
Hydro_EU,Energy,exiobase,Energy,Europe,Europe,2000000.0,5,Transport_Logistics,0.00556,0.755,0.039,0.0025,0.00333,0.0084,0.01058
Hydro_EU,Energy,exiobase,Energy,Europe,Europe,2000000.0,5,Health_Social,0.00441,0.442,0.051,0.00308,0.00309,0.00286,0.0012
Hydro_EU,Energy,exiobase,Energy,Europe,Europe,2000000.0,5,Agriculture,0.00236,0.295,0.035,0.00801,0.00179,0.00476,0.00144
Hydro_EU,Energy,exiobase,Energy,Europe,Europe,2000000.0,5,Mining_Extraction,0.01077,2.407,0.048,0.01489,0.00603,0.0349,0.01025
Hydro_EU,Energy,exiobase,Energy,Europe,Europe,2000000.0,5,Water_Waste,0.00305,0.223,0.026,0.01948,0.0021,0.00263,0.00104
Rail_EU_DEV,Transport,exiobase,Rail_Dev,Europe,Europe,1998000000.0000002,0,Construction,699.3,116399.884,5991.602,406.9926,335.664,906.2928,380.4192
Rail_EU_DEV,Transport,exiobase,Rail_Dev,Europe,Europe,1998000000.0000002,0,Energy_Utilities,199.8,17371.411,625.774,200.43936,127.872,1222.776,203.796
Rail_EU_DEV,Transport,exiobase,Rail_Dev,Europe,Europe,1998000000.0000002,0,Manufacturing,559.44,163266.97,2835.689,674.34898,234.9648,1288.94976,456.50304
Rail_EU_DEV,Transport,exiobase,Rail_Dev,Europe,Europe,1998000000.0000002,0,Transport_Logistics,199.8,27132.84,1418.18,89.76614,119.88,302.0976,380.4192
Rail_EU_DEV,Transport,exiobase,Rail_Dev,Europe,Europe,1998000000.0000002,0,Health_Social,79.92,7993.279,921.829,55.81613,55.944,51.78816,21.73824
Rail_EU_DEV,Transport,exiobase,Rail_Dev,Europe,Europe,1998000000.0000002,0,Agriculture,19.98,2496.501,298.901,67.8321,15.1848,40.27968,12.22776
Rail_EU_DEV,Transport,exiobase,Rail_Dev,Europe,Europe,1998000000.0000002,0,Mining_Extraction,159.84,35722.322,708.922,220.96282,89.5104,517.8816,152.16768
Rail_EU_DEV,Transport,exiobase,Rail_Dev,Europe,Europe,1998000000.0000002,0,Water_Waste,79.92,5846.148,673.246,510.84864,55.1448,69.05088,27.1728
Rail_EU_DEV,Transport,exiobase,Rail_Dev,Europe,Europe,1998000000.0000002,1,Construction,89.1108,14832.671,763.501,51.86249,42.77318,115.4876,48.47628
Rail_EU_DEV,Transport,exiobase,Rail_Dev,Europe,Europe,1998000000.0000002,1,Energy_Utilities,148.851,12941.701,466.201,149.32732,95.26464,910.96812,151.82802
Rail_EU_DEV,Transport,exiobase,Rail_Dev,Europe,Europe,1998000000.0000002,1,Manufacturing,270.94878,79073.692,1373.385,326.60166,113.79849,624.26599,221.0942
Rail_EU_DEV,Transport,exiobase,Rail_Dev,Europe,Europe,1998000000.0000002,1,Transport_Logistics,108.2916,14705.999,768.654,48.65325,64.97496,163.7369,206.18721
Rail_EU_DEV,Transport,exiobase,Rail_Dev,Europe,Europe,1998000000.0000002,1,Health_Social,90.08982,9010.423,1039.132,62.91873,63.06287,58.3782,24.50443
Rail_EU_DEV,Transport,exiobase,Rail_Dev,Europe,Europe,1998000000.0000002,1,Agriculture,33.80616,4224.08,505.74,114.77191,25.69268,68.15322,20.68937
Rail_EU_DEV,Transport,exiobase,Rail_Dev,Europe,Europe,1998000000.0000002,1,Mining_Extraction,217.5822,48627.011,965.021,300.78563,121.84603,704.96633,207.13825
Rail_EU_DEV,Transport,exiobase,Rail_Dev,Europe,Europe,1998000000.0000002,1,Water_Waste,51.42852,3761.996,433.234,328.7311,35.48568,44.43424,17.4857
Rail_EU_DEV,Transport,exiobase,Rail_Dev,Europe,Europe,1998000000.0000002,2,Construction,39.91295,6643.59,341.974,23.22934,19.15821,51.72718,21.71264
Rail_EU_DEV,Transport,exiobase,Rail_Dev,Europe,Europe,1998000000.0000002,2,Energy_Utilities,71.54946,6220.796,224.093,71.77842,45.79165,437.88269,72.98045
Rail_EU_DEV,Transport,exiobase,Rail_Dev,Europe,Europe,1998000000.0000002,2,Manufacturing,120.40102,35137.833,610.289,145.13139,50.56843,277.40395,98.24723
Rail_EU_DEV,Transport,exiobase,Rail_Dev,Europe,Europe,1998000000.0000002,2,Transport_Logistics,52.045,7067.711,369.415,23.38278,31.227,78.69204,99.09369
Rail_EU_DEV,Transport,exiobase,Rail_Dev,Europe,Europe,1998000000.0000002,2,Health_Social,41.49618,4150.282,478.634,28.98093,29.04733,26.88953,11.28696
Rail_EU_DEV,Transport,exiobase,Rail_Dev,Europe,Europe,1998000000.0000002,2,Agriculture,20.82419,2601.983,311.53,70.69814,15.82639,41.98158,12.74441
Rail_EU_DEV,Transport,exiobase,Rail_Dev,Europe,Europe,1998000000.0000002,2,Mining_Extraction,103.69121,23173.74,459.891,143.34272,58.06707,335.9595,98.71403
Rail_EU_DEV,Transport,exiobase,Rail_Dev,Europe,Europe,1998000000.0000002,2,Water_Waste,27.96173,2045.401,235.55,178.73138,19.29359,24.15893,9.50699
Rail_EU_DEV,Transport,exiobase,Rail_Dev,Europe,Europe,1998000000.0000002,3,Construction,18.32156,3049.66,156.979,10.66315,8.79435,23.74474,9.96693
Rail_EU_DEV,Transport,exiobase,Rail_Dev,Europe,Europe,1998000000.0000002,3,Energy_Utilities,33.82002,2940.448,105.924,33.92824,21.64481,206.97852,34.49642
Rail_EU_DEV,Transport,exiobase,Rail_Dev,Europe,Europe,1998000000.0000002,3,Manufacturing,56.15376,16387.914,284.632,67.68774,23.58458,129.37827,45.82147
Rail_EU_DEV,Transport,exiobase,Rail_Dev,Europe,Europe,1998000000.0000002,3,Transport_Logistics,24.5502,3333.917,174.257,11.02991,14.73012,37.1199,46.74358
Rail_EU_DEV,Transport,exiobase,Rail_Dev,Europe,Europe,1998000000.0000002,3,Health_Social,19.49115,1949.427,224.819,13.61262,13.6438,12.63026,5.30159
Rail_EU_DEV,Transport,exiobase,Rail_Dev,Europe,Europe,1998000000.0000002,3,Agriculture,10.2665,1282.8,153.587,34.85478,7.80254,20.69727,6.2831
Rail_EU_DEV,Transport,exiobase,Rail_Dev,Europe,Europe,1998000000.0000002,3,Mining_Extraction,47.80885,10684.704,212.042,66.09096,26.77296,154.90068,45.51403
Rail_EU_DEV,Transport,exiobase,Rail_Dev,Europe,Europe,1998000000.0000002,3,Water_Waste,13.39011,979.486,112.798,85.58957,9.23918,11.56905,4.55264
Rail_EU_DEV,Transport,exiobase,Rail_Dev,Europe,Europe,1998000000.0000002,4,Construction,8.54547,1422.41,73.218,4.97346,4.10182,11.07493,4.64873
Rail_EU_DEV,Transport,exiobase,Rail_Dev,Europe,Europe,1998000000.0000002,4,Energy_Utilities,15.81994,1375.448,49.548,15.87056,10.12476,96.81801,16.13633
Rail_EU_DEV,Transport,exiobase,Rail_Dev,Europe,Europe,1998000000.0000002,4,Manufacturing,26.12977,7625.713,132.447,31.49683,10.97451,60.203,21.3219
Rail_EU_DEV,Transport,exiobase,Rail_Dev,Europe,Europe,1998000000.0000002,4,Transport_Logistics,11.48674,1559.899,81.533,5.16076,6.89204,17.36795,21.87075
Rail_EU_DEV,Transport,exiobase,Rail_Dev,Europe,Europe,1998000000.0000002,4,Health_Social,9.12438,912.584,105.244,6.37247,6.38707,5.9126,2.48183
Rail_EU_DEV,Transport,exiobase,Rail_Dev,Europe,Europe,1998000000.0000002,4,Agriculture,4.86272,607.596,72.746,16.50892,3.69566,9.80324,2.97598
Rail_EU_DEV,Transport,exiobase,Rail_Dev,Europe,Europe,1998000000.0000002,4,Mining_Extraction,22.29826,4983.393,98.897,30.82511,12.48702,72.24635,21.22794
Rail_EU_DEV,Transport,exiobase,Rail_Dev,Europe,Europe,1998000000.0000002,4,Water_Waste,6.29431,460.429,53.023,40.23325,4.34308,5.43829,2.14007
Rail_EU_DEV,Transport,exiobase,Rail_Dev,Europe,Europe,1998000000.0000002,5,Construction,3.98462,663.249,34.14,2.31905,1.91262,5.16407,2.16764
Rail_EU_DEV,Transport,exiobase,Rail_Dev,Europe,Europe,1998000000.0000002,5,Energy_Utilities,7.38927,642.453,23.143,7.41292,4.72913,45.22233,7.53706
Rail_EU_DEV,Transport,exiobase,Rail_Dev,Europe,Europe,1998000000.0000002,5,Manufacturing,12.1932,3558.463,61.805,14.69768,5.12114,28.09313,9.94965
Rail_EU_DEV,Transport,exiobase,Rail_Dev,Europe,Europe,1998000000.0000002,5,Transport_Logistics,5.36551,728.636,38.084,2.41061,3.2193,8.11264,10.21592
Rail_EU_DEV,Transport,exiobase,Rail_Dev,Europe,Europe,1998000000.0000002,5,Health_Social,4.26313,426.381,49.173,2.97737,2.98419,2.76251,1.15957
Rail_EU_DEV,Transport,exiobase,Rail_Dev,Europe,Europe,1998000000.0000002,5,Agriculture,2.27844,284.692,34.086,7.73532,1.73162,4.59334,1.39441
Rail_EU_DEV,Transport,exiobase,Rail_Dev,Europe,Europe,1998000000.0000002,5,Mining_Extraction,10.39864,2323.971,46.12,14.37508,5.82324,33.69159,9.8995
Rail_EU_DEV,Transport,exiobase,Rail_Dev,Europe,Europe,1998000000.0000002,5,Water_Waste,2.94288,215.272,24.791,18.81089,2.03059,2.54265,1.00058
Rail_EU_OP1,Transport,exiobase,Rail_Op,Europe,Europe,140400.0,0,Construction,0.01404,2.337,0.12,0.00817,0.00674,0.0182,0.00764
Rail_EU_OP1,Transport,exiobase,Rail_Op,Europe,Europe,140400.0,0,Energy_Utilities,0.04914,4.272,0.154,0.0493,0.03145,0.30074,0.05012
Rail_EU_OP1,Transport,exiobase,Rail_Op,Europe,Europe,140400.0,0,Manufacturing,0.02106,6.146,0.107,0.02539,0.00885,0.04852,0.01718
Rail_EU_OP1,Transport,exiobase,Rail_Op,Europe,Europe,140400.0,0,Transport_Logistics,0.02808,3.813,0.199,0.01262,0.01685,0.04246,0.05346
Rail_EU_OP1,Transport,exiobase,Rail_Op,Europe,Europe,140400.0,0,Health_Social,0.01123,1.123,0.13,0.00784,0.00786,0.00728,0.00306
Rail_EU_OP1,Transport,exiobase,Rail_Op,Europe,Europe,140400.0,0,Agriculture,0.0014,0.175,0.021,0.00477,0.00107,0.00283,0.00086
Rail_EU_OP1,Transport,exiobase,Rail_Op,Europe,Europe,140400.0,0,Mining_Extraction,0.00702,1.569,0.031,0.0097,0.00393,0.02274,0.00668
Rail_EU_OP1,Transport,exiobase,Rail_Op,Europe,Europe,140400.0,0,Water_Waste,0.00842,0.616,0.071,0.05385,0.00581,0.00728,0.00286
Rail_EU_OP1,Transport,exiobase,Rail_Op,Europe,Europe,140400.0,1,Construction,0.00445,0.741,0.038,0.00259,0.00214,0.00577,0.00242
Rail_EU_OP1,Transport,exiobase,Rail_Op,Europe,Europe,140400.0,1,Energy_Utilities,0.00975,0.848,0.031,0.00979,0.00624,0.0597,0.00995
Rail_EU_OP1,Transport,exiobase,Rail_Op,Europe,Europe,140400.0,1,Manufacturing,0.01378,4.022,0.07,0.01661,0.00579,0.03176,0.01125
Rail_EU_OP1,Transport,exiobase,Rail_Op,Europe,Europe,140400.0,1,Transport_Logistics,0.00693,0.941,0.049,0.00311,0.00416,0.01048,0.01319
Rail_EU_OP1,Transport,exiobase,Rail_Op,Europe,Europe,140400.0,1,Health_Social,0.00586,0.586,0.068,0.00409,0.0041,0.0038,0.00159
Rail_EU_OP1,Transport,exiobase,Rail_Op,Europe,Europe,140400.0,1,Agriculture,0.00234,0.292,0.035,0.00794,0.00178,0.00472,0.00143
Rail_EU_OP1,Transport,exiobase,Rail_Op,Europe,Europe,140400.0,1,Mining_Extraction,0.01271,2.84,0.056,0.01757,0.00712,0.04117,0.0121
Rail_EU_OP1,Transport,exiobase,Rail_Op,Europe,Europe,140400.0,1,Water_Waste,0.00421,0.308,0.036,0.02694,0.00291,0.00364,0.00143
Rail_EU_OP1,Transport,exiobase,Rail_Op,Europe,Europe,140400.0,2,Construction,0.0022,0.367,0.019,0.00128,0.00106,0.00286,0.0012
Rail_EU_OP1,Transport,exiobase,Rail_Op,Europe,Europe,140400.0,2,Energy_Utilities,0.00425,0.369,0.013,0.00426,0.00272,0.02598,0.00433
Rail_EU_OP1,Transport,exiobase,Rail_Op,Europe,Europe,140400.0,2,Manufacturing,0.00688,2.009,0.035,0.0083,0.00289,0.01586,0.00562
Rail_EU_OP1,Transport,exiobase,Rail_Op,Europe,Europe,140400.0,2,Transport_Logistics,0.00305,0.414,0.022,0.00137,0.00183,0.0046,0.0058
Rail_EU_OP1,Transport,exiobase,Rail_Op,Europe,Europe,140400.0,2,Health_Social,0.00247,0.247,0.028,0.00172,0.00173,0.0016,0.00067
Rail_EU_OP1,Transport,exiobase,Rail_Op,Europe,Europe,140400.0,2,Agriculture,0.00126,0.158,0.019,0.00429,0.00096,0.00255,0.00077
Rail_EU_OP1,Transport,exiobase,Rail_Op,Europe,Europe,140400.0,2,Mining_Extraction,0.0058,1.296,0.026,0.00802,0.00325,0.01879,0.00552
Rail_EU_OP1,Transport,exiobase,Rail_Op,Europe,Europe,140400.0,2,Water_Waste,0.00171,0.125,0.014,0.01093,0.00118,0.00148,0.00058
Rail_EU_OP1,Transport,exiobase,Rail_Op,Europe,Europe,140400.0,3,Construction,0.00105,0.175,0.009,0.00061,0.0005,0.00136,0.00057
Rail_EU_OP1,Transport,exiobase,Rail_Op,Europe,Europe,140400.0,3,Energy_Utilities,0.00195,0.17,0.006,0.00196,0.00125,0.01194,0.00199
Rail_EU_OP1,Transport,exiobase,Rail_Op,Europe,Europe,140400.0,3,Manufacturing,0.0032,0.935,0.016,0.00386,0.00135,0.00738,0.00261
Rail_EU_OP1,Transport,exiobase,Rail_Op,Europe,Europe,140400.0,3,Transport_Logistics,0.00141,0.192,0.01,0.00064,0.00085,0.00214,0.00269
Rail_EU_OP1,Transport,exiobase,Rail_Op,Europe,Europe,140400.0,3,Health_Social,0.00113,0.113,0.013,0.00079,0.00079,0.00073,0.00031
Rail_EU_OP1,Transport,exiobase,Rail_Op,Europe,Europe,140400.0,3,Agriculture,0.0006,0.075,0.009,0.00204,0.00046,0.00121,0.00037
Rail_EU_OP1,Transport,exiobase,Rail_Op,Europe,Europe,140400.0,3,Mining_Extraction,0.00274,0.612,0.012,0.00379,0.00153,0.00887,0.00261
Rail_EU_OP1,Transport,exiobase,Rail_Op,Europe,Europe,140400.0,3,Water_Waste,0.00078,0.057,0.007,0.00499,0.00054,0.00067,0.00027
Rail_EU_OP1,Transport,exiobase,Rail_Op,Europe,Europe,140400.0,4,Construction,0.00049,0.081,0.004,0.00028,0.00023,0.00063,0.00027
Rail_EU_OP1,Transport,exiobase,Rail_Op,Europe,Europe,140400.0,4,Energy_Utilities,0.00091,0.079,0.003,0.00091,0.00058,0.00556,0.00093
Rail_EU_OP1,Transport,exiobase,Rail_Op,Europe,Europe,140400.0,4,Manufacturing,0.0015,0.437,0.008,0.00181,0.00063,0.00345,0.00122
Rail_EU_OP1,Transport,exiobase,Rail_Op,Europe,Europe,140400.0,4,Transport_Logistics,0.00066,0.09,0.005,0.0003,0.0004,0.001,0.00126
Rail_EU_OP1,Transport,exiobase,Rail_Op,Europe,Europe,140400.0,4,Health_Social,0.00052,0.052,0.006,0.00037,0.00037,0.00034,0.00014
Rail_EU_OP1,Transport,exiobase,Rail_Op,Europe,Europe,140400.0,4,Agriculture,0.00028,0.035,0.004,0.00095,0.00021,0.00057,0.00017
Rail_EU_OP1,Transport,exiobase,Rail_Op,Europe,Europe,140400.0,4,Mining_Extraction,0.00128,0.285,0.006,0.00177,0.00072,0.00414,0.00122
Rail_EU_OP1,Transport,exiobase,Rail_Op,Europe,Europe,140400.0,4,Water_Waste,0.00036,0.027,0.003,0.00232,0.00025,0.00031,0.00012
Rail_EU_OP1,Transport,exiobase,Rail_Op,Europe,Europe,140400.0,5,Construction,0.00023,0.038,0.002,0.00013,0.00011,0.0003,0.00012
Rail_EU_OP1,Transport,exiobase,Rail_Op,Europe,Europe,140400.0,5,Energy_Utilities,0.00042,0.037,0.001,0.00043,0.00027,0.0026,0.00043
Rail_EU_OP1,Transport,exiobase,Rail_Op,Europe,Europe,140400.0,5,Manufacturing,0.0007,0.204,0.004,0.00084,0.00029,0.00161,0.00057
Rail_EU_OP1,Transport,exiobase,Rail_Op,Europe,Europe,140400.0,5,Transport_Logistics,0.00031,0.042,0.002,0.00014,0.00018,0.00047,0.00059
Rail_EU_OP1,Transport,exiobase,Rail_Op,Europe,Europe,140400.0,5,Health_Social,0.00024,0.024,0.003,0.00017,0.00017,0.00016,7e-05
Rail_EU_OP1,Transport,exiobase,Rail_Op,Europe,Europe,140400.0,5,Agriculture,0.00013,0.016,0.002,0.00044,0.0001,0.00026,8e-05
Rail_EU_OP1,Transport,exiobase,Rail_Op,Europe,Europe,140400.0,5,Mining_Extraction,0.0006,0.133,0.003,0.00082,0.00033,0.00193,0.00057
Rail_EU_OP1,Transport,exiobase,Rail_Op,Europe,Europe,140400.0,5,Water_Waste,0.00017,0.012,0.001,0.00108,0.00012,0.00015,6e-05
Rail_EU_OP2,Transport,exiobase,Rail_Op,Europe,Europe,97200.0,0,Construction,0.00972,1.618,0.083,0.00566,0.00467,0.0126,0.00529
Rail_EU_OP2,Transport,exiobase,Rail_Op,Europe,Europe,97200.0,0,Energy_Utilities,0.03402,2.958,0.107,0.03413,0.02177,0.2082,0.0347
Rail_EU_OP2,Transport,exiobase,Rail_Op,Europe,Europe,97200.0,0,Manufacturing,0.01458,4.255,0.074,0.01757,0.00612,0.03359,0.0119
Rail_EU_OP2,Transport,exiobase,Rail_Op,Europe,Europe,97200.0,0,Transport_Logistics,0.01944,2.64,0.138,0.00873,0.01166,0.02939,0.03701
Rail_EU_OP2,Transport,exiobase,Rail_Op,Europe,Europe,97200.0,0,Health_Social,0.00778,0.778,0.09,0.00543,0.00544,0.00504,0.00212
Rail_EU_OP2,Transport,exiobase,Rail_Op,Europe,Europe,97200.0,0,Agriculture,0.00097,0.121,0.015,0.0033,0.00074,0.00196,0.00059
Rail_EU_OP2,Transport,exiobase,Rail_Op,Europe,Europe,97200.0,0,Mining_Extraction,0.00486,1.086,0.022,0.00672,0.00272,0.01575,0.00463
Rail_EU_OP2,Transport,exiobase,Rail_Op,Europe,Europe,97200.0,0,Water_Waste,0.00583,0.427,0.049,0.03728,0.00402,0.00504,0.00198
Rail_EU_OP2,Transport,exiobase,Rail_Op,Europe,Europe,97200.0,1,Construction,0.00308,0.513,0.026,0.00179,0.00148,0.00399,0.00168
Rail_EU_OP2,Transport,exiobase,Rail_Op,Europe,Europe,97200.0,1,Energy_Utilities,0.00675,0.587,0.021,0.00678,0.00432,0.04133,0.00689
Rail_EU_OP2,Transport,exiobase,Rail_Op,Europe,Europe,97200.0,1,Manufacturing,0.00954,2.785,0.048,0.0115,0.00401,0.02199,0.00779
Rail_EU_OP2,Transport,exiobase,Rail_Op,Europe,Europe,97200.0,1,Transport_Logistics,0.0048,0.651,0.034,0.00216,0.00288,0.00725,0.00913
Rail_EU_OP2,Transport,exiobase,Rail_Op,Europe,Europe,97200.0,1,Health_Social,0.00406,0.406,0.047,0.00283,0.00284,0.00263,0.0011
Rail_EU_OP2,Transport,exiobase,Rail_Op,Europe,Europe,97200.0,1,Agriculture,0.00162,0.202,0.024,0.0055,0.00123,0.00326,0.00099
Rail_EU_OP2,Transport,exiobase,Rail_Op,Europe,Europe,97200.0,1,Mining_Extraction,0.0088,1.966,0.039,0.01216,0.00493,0.0285,0.00837
Rail_EU_OP2,Transport,exiobase,Rail_Op,Europe,Europe,97200.0,1,Water_Waste,0.00292,0.213,0.025,0.01865,0.00201,0.00252,0.00099
Rail_EU_OP2,Transport,exiobase,Rail_Op,Europe,Europe,97200.0,2,Construction,0.00153,0.254,0.013,0.00089,0.00073,0.00198,0.00083
Rail_EU_OP2,Transport,exiobase,Rail_Op,Europe,Europe,97200.0,2,Energy_Utilities,0.00294,0.256,0.009,0.00295,0.00188,0.01799,0.003
Rail_EU_OP2,Transport,exiobase,Rail_Op,Europe,Europe,97200.0,2,Manufacturing,0.00477,1.391,0.024,0.00574,0.002,0.01098,0.00389
Rail_EU_OP2,Transport,exiobase,Rail_Op,Europe,Europe,97200.0,2,Transport_Logistics,0.00211,0.286,0.015,0.00095,0.00126,0.00319,0.00401
Rail_EU_OP2,Transport,exiobase,Rail_Op,Europe,Europe,97200.0,2,Health_Social,0.00171,0.171,0.02,0.00119,0.0012,0.00111,0.00047
Rail_EU_OP2,Transport,exiobase,Rail_Op,Europe,Europe,97200.0,2,Agriculture,0.00087,0.109,0.013,0.00297,0.00066,0.00176,0.00054
Rail_EU_OP2,Transport,exiobase,Rail_Op,Europe,Europe,97200.0,2,Mining_Extraction,0.00401,0.897,0.018,0.00555,0.00225,0.01301,0.00382
Rail_EU_OP2,Transport,exiobase,Rail_Op,Europe,Europe,97200.0,2,Water_Waste,0.00118,0.087,0.01,0.00756,0.00082,0.00102,0.0004
Rail_EU_OP2,Transport,exiobase,Rail_Op,Europe,Europe,97200.0,3,Construction,0.00073,0.121,0.006,0.00042,0.00035,0.00094,0.0004
Rail_EU_OP2,Transport,exiobase,Rail_Op,Europe,Europe,97200.0,3,Energy_Utilities,0.00135,0.117,0.004,0.00135,0.00086,0.00826,0.00138
Rail_EU_OP2,Transport,exiobase,Rail_Op,Europe,Europe,97200.0,3,Manufacturing,0.00222,0.647,0.011,0.00267,0.00093,0.00511,0.00181
Rail_EU_OP2,Transport,exiobase,Rail_Op,Europe,Europe,97200.0,3,Transport_Logistics,0.00098,0.133,0.007,0.00044,0.00059,0.00148,0.00186
Rail_EU_OP2,Transport,exiobase,Rail_Op,Europe,Europe,97200.0,3,Health_Social,0.00078,0.078,0.009,0.00055,0.00055,0.00051,0.00021
Rail_EU_OP2,Transport,exiobase,Rail_Op,Europe,Europe,97200.0,3,Agriculture,0.00042,0.052,0.006,0.00141,0.00032,0.00084,0.00025
Rail_EU_OP2,Transport,exiobase,Rail_Op,Europe,Europe,97200.0,3,Mining_Extraction,0.0019,0.424,0.008,0.00262,0.00106,0.00614,0.00181
Rail_EU_OP2,Transport,exiobase,Rail_Op,Europe,Europe,97200.0,3,Water_Waste,0.00054,0.04,0.005,0.00345,0.00037,0.00047,0.00018
Rail_EU_OP2,Transport,exiobase,Rail_Op,Europe,Europe,97200.0,4,Construction,0.00034,0.056,0.003,0.0002,0.00016,0.00044,0.00018
Rail_EU_OP2,Transport,exiobase,Rail_Op,Europe,Europe,97200.0,4,Energy_Utilities,0.00063,0.055,0.002,0.00063,0.0004,0.00385,0.00064
Rail_EU_OP2,Transport,exiobase,Rail_Op,Europe,Europe,97200.0,4,Manufacturing,0.00104,0.303,0.005,0.00125,0.00044,0.00239,0.00085
Rail_EU_OP2,Transport,exiobase,Rail_Op,Europe,Europe,97200.0,4,Transport_Logistics,0.00046,0.062,0.003,0.00021,0.00027,0.00069,0.00087
Rail_EU_OP2,Transport,exiobase,Rail_Op,Europe,Europe,97200.0,4,Health_Social,0.00036,0.036,0.004,0.00025,0.00025,0.00024,0.0001
Rail_EU_OP2,Transport,exiobase,Rail_Op,Europe,Europe,97200.0,4,Agriculture,0.00019,0.024,0.003,0.00066,0.00015,0.00039,0.00012
Rail_EU_OP2,Transport,exiobase,Rail_Op,Europe,Europe,97200.0,4,Mining_Extraction,0.00088,0.198,0.004,0.00122,0.0005,0.00286,0.00084
Rail_EU_OP2,Transport,exiobase,Rail_Op,Europe,Europe,97200.0,4,Water_Waste,0.00025,0.018,0.002,0.0016,0.00017,0.00022,9e-05
Rail_EU_OP2,Transport,exiobase,Rail_Op,Europe,Europe,97200.0,5,Construction,0.00016,0.026,0.001,9e-05,8e-05,0.00021,9e-05
Rail_EU_OP2,Transport,exiobase,Rail_Op,Europe,Europe,97200.0,5,Energy_Utilities,0.00029,0.026,0.001,0.00029,0.00019,0.0018,0.0003
Rail_EU_OP2,Transport,exiobase,Rail_Op,Europe,Europe,97200.0,5,Manufacturing,0.00048,0.141,0.002,0.00058,0.0002,0.00112,0.0004
Rail_EU_OP2,Transport,exiobase,Rail_Op,Europe,Europe,97200.0,5,Transport_Logistics,0.00021,0.029,0.002,0.0001,0.00013,0.00032,0.00041
Rail_EU_OP2,Transport,exiobase,Rail_Op,Europe,Europe,97200.0,5,Health_Social,0.00017,0.017,0.002,0.00012,0.00012,0.00011,5e-05
Rail_EU_OP2,Transport,exiobase,Rail_Op,Europe,Europe,97200.0,5,Agriculture,9e-05,0.011,0.001,0.00031,7e-05,0.00018,6e-05
Rail_EU_OP2,Transport,exiobase,Rail_Op,Europe,Europe,97200.0,5,Mining_Extraction,0.00041,0.092,0.002,0.00057,0.00023,0.00134,0.00039
Rail_EU_OP2,Transport,exiobase,Rail_Op,Europe,Europe,97200.0,5,Water_Waste,0.00012,0.009,0.001,0.00075,8e-05,0.0001,4e-05
