project_id,asset_class,database,sector_code,country,region,invest_usd,tier,supplying_sector,sourcing_region,sourcing_share,spend_M$,GHG_tCO2e,Employment_FTE,Water_1000m3,ValueAdded_M$
Proj_001,Health,exiobase,Health_Social,LATAM,LATAM,250000000.0,1,Construction,LATAM,0.6437,6.4368,1648.336,98.946,6.2437,3.08966
Proj_001,Health,exiobase,Health_Social,LATAM,LATAM,250000000.0,1,Construction,Europe,0.0843,0.84291,140.304,7.222,0.49057,0.4046
Proj_001,Health,exiobase,Health_Social,LATAM,LATAM,250000000.0,1,Construction,Asia,0.1533,1.53256,425.163,26.648,1.68876,0.73563
Proj_001,Health,exiobase,Health_Social,LATAM,LATAM,250000000.0,1,Construction,Africa,0.0153,0.15326,45.787,3.051,0.18434,0.07356
Proj_001,Health,exiobase,Health_Social,LATAM,LATAM,250000000.0,1,Construction,Global,0.1034,1.03448,220.757,13.034,0.80275,0.49655
Proj_001,Health,exiobase,Health_Social,LATAM,LATAM,250000000.0,1,Energy_Utilities,LATAM,0.6991,12.25173,2622.066,62.888,18.85541,7.84111
Proj_001,Health,exiobase,Health_Social,LATAM,LATAM,250000000.0,1,Energy_Utilities,Europe,0.0712,1.24744,108.457,3.907,1.25143,0.79836
Proj_001,Health,exiobase,Health_Social,LATAM,LATAM,250000000.0,1,Energy_Utilities,Asia,0.1294,2.26807,637.093,13.023,3.93012,1.45157
Proj_001,Health,exiobase,Health_Social,LATAM,LATAM,250000000.0,1,Energy_Utilities,Africa,0.0129,0.22681,72.052,1.46,0.42662,0.14516
Proj_001,Health,exiobase,Health_Social,LATAM,LATAM,250000000.0,1,Energy_Utilities,Global,0.0874,1.53095,255.975,6.66,1.74528,0.97981
Proj_001,Health,exiobase,Health_Social,LATAM,LATAM,250000000.0,1,Manufacturing,LATAM,0.626,18.70801,8053.125,160.679,35.20099,7.85736
Proj_001,Health,exiobase,Health_Social,LATAM,LATAM,250000000.0,1,Manufacturing,Europe,0.0885,2.64402,771.631,13.402,3.1871,1.11049
Proj_001,Health,exiobase,Health_Social,LATAM,LATAM,250000000.0,1,Manufacturing,Asia,0.1609,4.80731,2279.818,48.058,10.45878,2.01907
Proj_001,Health,exiobase,Health_Social,LATAM,LATAM,250000000.0,1,Manufacturing,Africa,0.0161,0.48073,242.011,5.144,1.07414,0.20191
Proj_001,Health,exiobase,Health_Social,LATAM,LATAM,250000000.0,1,Manufacturing,Global,0.1086,3.24493,1183.751,22.844,4.77005,1.36287
Proj_001,Health,exiobase,Health_Social,LATAM,LATAM,250000000.0,1,Transport_Logistics,LATAM,0.7052,9.03563,1809.882,97.025,6.34952,5.42138
Proj_001,Health,exiobase,Health_Social,LATAM,LATAM,250000000.0,1,Transport_Logistics,Europe,0.0697,0.89345,121.331,6.342,0.40141,0.53607
Proj_001,Health,exiobase,Health_Social,LATAM,LATAM,250000000.0,1,Transport_Logistics,Asia,0.1268,1.62446,344.69,20.4,1.29125,0.97468
Proj_001,Health,exiobase,Health_Social,LATAM,LATAM,250000000.0,1,Transport_Logistics,Africa,0.0127,0.16245,36.399,2.188,0.13287,0.09747
Proj_001,Health,exiobase,Health_Social,LATAM,LATAM,250000000.0,1,Transport_Logistics,Global,0.0856,1.09651,186.133,9.978,0.63159,0.65791
Proj_001,Health,exiobase,Health_Social,LATAM,LATAM,250000000.0,1,Health_Social,LATAM,0.7195,8.95418,1437.611,183.611,10.1621,6.26792
Proj_001,Health,exiobase,Health_Social,LATAM,LATAM,250000000.0,1,Health_Social,Europe,0.0664,0.82579,82.592,9.525,0.57673,0.57805
Proj_001,Health,exiobase,Health_Social,LATAM,LATAM,250000000.0,1,Health_Social,Asia,0.1206,1.50143,260.816,34.155,1.90058,1.051
Proj_001,Health,exiobase,Health_Social,LATAM,LATAM,250000000.0,1,Health_Social,Africa,0.0121,0.15014,28.058,3.897,0.20317,0.1051
Proj_001,Health,exiobase,Health_Social,LATAM,LATAM,250000000.0,1,Health_Social,Global,0.0814,1.01346,133.372,16.236,0.88475,0.70943
Proj_001,Health,exiobase,Health_Social,LATAM,LATAM,250000000.0,1,Agriculture,LATAM,0.7117,3.79681,602.782,98.565,24.85963,2.88558
Proj_001,Health,exiobase,Health_Social,LATAM,LATAM,250000000.0,1,Agriculture,Europe,0.0682,0.36387,45.466,5.444,1.23535,0.27654
Proj_001,Health,exiobase,Health_Social,LATAM,LATAM,250000000.0,1,Agriculture,Asia,0.124,0.66159,106.978,20.086,4.97347,0.50281
Proj_001,Health,exiobase,Health_Social,LATAM,LATAM,250000000.0,1,Agriculture,Africa,0.0124,0.06616,10.892,2.154,0.52943,0.05028
Proj_001,Health,exiobase,Health_Social,LATAM,LATAM,250000000.0,1,Agriculture,Global,0.0837,0.44657,65.646,9.825,2.16587,0.33939
Proj_001,Health,exiobase,Health_Social,LATAM,LATAM,250000000.0,1,Mining_Extraction,LATAM,0.6556,15.4553,5852.736,116.15,34.18465,8.65497
Proj_001,Health,exiobase,Health_Social,LATAM,LATAM,250000000.0,1,Mining_Extraction,Europe,0.0815,1.92079,429.273,8.519,2.6553,1.07564
Proj_001,Health,exiobase,Health_Social,LATAM,LATAM,250000000.0,1,Mining_Extraction,Asia,0.1481,3.49234,1409.231,30.548,8.93146,1.95571
Proj_001,Health,exiobase,Health_Social,LATAM,LATAM,250000000.0,1,Mining_Extraction,Africa,0.0148,0.34923,149.595,3.27,0.91729,0.19557
Proj_001,Health,exiobase,Health_Social,LATAM,LATAM,250000000.0,1,Mining_Extraction,Global,0.1,2.35733,731.716,14.521,4.07347,1.32011
Proj_001,Health,exiobase,Health_Social,LATAM,LATAM,250000000.0,1,Water_Waste,LATAM,0.7192,4.95321,610.781,63.124,50.28503,3.41772
Proj_001,Health,exiobase,Health_Social,LATAM,LATAM,250000000.0,1,Water_Waste,Europe,0.0664,0.45757,33.471,3.855,2.92481,0.31573
Proj_001,Health,exiobase,Health_Social,LATAM,LATAM,250000000.0,1,Water_Waste,Asia,0.1208,0.83195,114.759,12.399,9.50953,0.57405
Proj_001,Health,exiobase,Health_Social,LATAM,LATAM,250000000.0,1,Water_Waste,Africa,0.0121,0.0832,12.867,1.42,0.96972,0.0574
Proj_001,Health,exiobase,Health_Social,LATAM,LATAM,250000000.0,1,Water_Waste,Global,0.0815,0.56157,58.684,6.065,4.22298,0.38748
Proj_002,Health,exiobase,Health_Specialized,Africa,Africa,25000000.0,1,Construction,Africa,0.5598,0.63052,188.374,12.552,0.75839,0.30265
Proj_002,Health,exiobase,Health_Specialized,Africa,Africa,25000000.0,1,Construction,Europe,0.1009,0.1136,18.91,0.973,0.06612,0.05453
Proj_002,Health,exiobase,Health_Specialized,Africa,Africa,25000000.0,1,Construction,Asia,0.1834,0.20655,57.302,3.592,0.22761,0.09915
Proj_002,Health,exiobase,Health_Specialized,Africa,Africa,25000000.0,1,Construction,LATAM,0.0321,0.03615,9.257,0.556,0.03506,0.01735
Proj_002,Health,exiobase,Health_Specialized,Africa,Africa,25000000.0,1,Construction,Global,0.1238,0.13942,29.753,1.757,0.10819,0.06692
Proj_002,Health,exiobase,Health_Specialized,Africa,Africa,25000000.0,1,Energy_Utilities,Africa,0.6283,1.09104,346.603,7.024,2.05225,0.69827
Proj_002,Health,exiobase,Health_Specialized,Africa,Africa,25000000.0,1,Energy_Utilities,Europe,0.0852,0.14792,12.861,0.463,0.14839,0.09467
Proj_002,Health,exiobase,Health_Specialized,Africa,Africa,25000000.0,1,Energy_Utilities,Asia,0.1549,0.26894,75.544,1.544,0.46602,0.17212
Proj_002,Health,exiobase,Health_Specialized,Africa,Africa,25000000.0,1,Energy_Utilities,LATAM,0.0271,0.04706,10.073,0.242,0.07243,0.03012
Proj_002,Health,exiobase,Health_Specialized,Africa,Africa,25000000.0,1,Energy_Utilities,Global,0.1045,0.18153,30.353,0.79,0.20695,0.11618
Proj_002,Health,exiobase,Health_Specialized,Africa,Africa,25000000.0,1,Manufacturing,Africa,0.538,1.60432,807.651,17.167,3.58468,0.67381
Proj_002,Health,exiobase,Health_Specialized,Africa,Africa,25000000.0,1,Manufacturing,Europe,0.1059,0.31572,92.14,1.6,0.38057,0.1326
Proj_002,Health,exiobase,Health_Specialized,Africa,Africa,25000000.0,1,Manufacturing,Asia,0.1925,0.57403,272.23,5.739,1.24887,0.24109
Proj_002,Health,exiobase,Health_Specialized,Africa,Africa,25000000.0,1,Manufacturing,LATAM,0.0337,0.10046,43.243,0.863,0.18902,0.04219
Proj_002,Health,exiobase,Health_Specialized,Africa,Africa,25000000.0,1,Manufacturing,Global,0.1299,0.38747,141.35,2.728,0.56959,0.16274
Proj_002,Health,exiobase,Health_Specialized,Africa,Africa,25000000.0,1,Transport_Logistics,Africa,0.6359,0.81867,183.439,11.026,0.66961,0.4912
Proj_002,Health,exiobase,Health_Specialized,Africa,Africa,25000000.0,1,Transport_Logistics,Europe,0.0834,0.10744,14.59,0.763,0.04827,0.06446
Proj_002,Health,exiobase,Health_Specialized,Africa,Africa,25000000.0,1,Transport_Logistics,Asia,0.1517,0.19535,41.45,2.453,0.15528,0.11721
Proj_002,Health,exiobase,Health_Specialized,Africa,Africa,25000000.0,1,Transport_Logistics,LATAM,0.0266,0.03419,6.848,0.367,0.02402,0.02051
Proj_002,Health,exiobase,Health_Specialized,Africa,Africa,25000000.0,1,Transport_Logistics,Global,0.1024,0.13186,22.383,1.2,0.07595,0.07912
Proj_002,Health,exiobase,Health_Specialized,Africa,Africa,25000000.0,1,Health_Social,Africa,0.6535,0.79662,148.865,20.674,1.07794,0.55763
Proj_002,Health,exiobase,Health_Specialized,Africa,Africa,25000000.0,1,Health_Social,Europe,0.0794,0.0968,9.681,1.116,0.0676,0.06776
Proj_002,Health,exiobase,Health_Specialized,Africa,Africa,25000000.0,1,Health_Social,Asia,0.1444,0.17599,30.572,4.004,0.22278,0.1232
Proj_002,Health,exiobase,Health_Specialized,Africa,Africa,25000000.0,1,Health_Social,LATAM,0.0253,0.0308,4.945,0.632,0.03495,0.02156
Proj_002,Health,exiobase,Health_Specialized,Africa,Africa,25000000.0,1,Health_Social,Global,0.0975,0.1188,15.633,1.903,0.10371,0.08316
Proj_002,Health,exiobase,Health_Specialized,Africa,Africa,25000000.0,1,Agriculture,Africa,0.6438,0.3422,56.34,11.142,2.73846,0.26007
Proj_002,Health,exiobase,Health_Specialized,Africa,Africa,25000000.0,1,Agriculture,Europe,0.0816,0.04338,5.42,0.649,0.14728,0.03297
Proj_002,Health,exiobase,Health_Specialized,Africa,Africa,25000000.0,1,Agriculture,Asia,0.1484,0.07887,12.754,2.395,0.59294,0.05994
Proj_002,Health,exiobase,Health_Specialized,Africa,Africa,25000000.0,1,Agriculture,LATAM,0.026,0.0138,2.191,0.358,0.09038,0.01049
Proj_002,Health,exiobase,Health_Specialized,Africa,Africa,25000000.0,1,Agriculture,Global,0.1002,0.05324,7.826,1.171,0.25822,0.04046
Proj_002,Health,exiobase,Health_Specialized,Africa,Africa,25000000.0,1,Mining_Extraction,Africa,0.5745,1.5221,651.995,14.252,3.99789,0.85238
Proj_002,Health,exiobase,Health_Specialized,Africa,Africa,25000000.0,1,Mining_Extraction,Europe,0.0975,0.25831,57.728,1.146,0.35708,0.14465
Proj_002,Health,exiobase,Health_Specialized,Africa,Africa,25000000.0,1,Mining_Extraction,Asia,0.1773,0.46965,189.511,4.108,1.20109,0.263
Proj_002,Health,exiobase,Health_Specialized,Africa,Africa,25000000.0,1,Mining_Extraction,LATAM,0.031,0.08219,31.124,0.618,0.18179,0.04603
Proj_002,Health,exiobase,Health_Specialized,Africa,Africa,25000000.0,1,Mining_Extraction,Global,0.1197,0.31701,98.4,1.953,0.54779,0.17753
Proj_002,Health,exiobase,Health_Specialized,Africa,Africa,25000000.0,1,Water_Waste,Africa,0.6531,0.44589,68.961,7.609,5.1973,0.30766
Proj_002,Health,exiobase,Health_Specialized,Africa,Africa,25000000.0,1,Water_Waste,Europe,0.0795,0.05428,3.971,0.457,0.34696,0.03745
Proj_002,Health,exiobase,Health_Specialized,Africa,Africa,25000000.0,1,Water_Waste,Asia,0.1445,0.09869,13.614,1.471,1.12808,0.0681
Proj_002,Health,exiobase,Health_Specialized,Africa,Africa,25000000.0,1,Water_Waste,LATAM,0.0253,0.01727,2.13,0.22,0.17534,0.01192
Proj_002,Health,exiobase,Health_Specialized,Africa,Africa,25000000.0,1,Water_Waste,Global,0.0976,0.06662,6.961,0.719,0.50096,0.04597
Proj_003,Health,exiobase,Health_General,Europe,Europe,75000000.0,1,Construction,Europe,0.7066,2.05344,341.799,17.594,1.1951,0.98565
Proj_003,Health,exiobase,Health_General,Europe,Europe,75000000.0,1,Construction,Asia,0.1505,0.43734,121.326,7.604,0.48191,0.20992
Proj_003,Health,exiobase,Health_General,Europe,Europe,75000000.0,1,Construction,LATAM,0.0263,0.07653,19.599,1.176,0.07424,0.03674
Proj_003,Health,exiobase,Health_General,Europe,Europe,75000000.0,1,Construction,Africa,0.015,0.04373,13.066,0.871,0.0526,0.02099
Proj_003,Health,exiobase,Health_General,Europe,Europe,75000000.0,1,Construction,Global,0.1016,0.2952,62.996,3.72,0.22908,0.1417
Proj_003,Health,exiobase,Health_General,Europe,Europe,75000000.0,1,Energy_Utilities,Europe,0.7522,4.02126,349.625,12.595,4.03413,2.57361
Proj_003,Health,exiobase,Health_General,Europe,Europe,75000000.0,1,Energy_Utilities,Asia,0.1271,0.67935,190.828,3.901,1.17718,0.43479
Proj_003,Health,exiobase,Health_General,Europe,Europe,75000000.0,1,Energy_Utilities,LATAM,0.0222,0.11889,25.444,0.61,0.18297,0.07609
Proj_003,Health,exiobase,Health_General,Europe,Europe,75000000.0,1,Energy_Utilities,Africa,0.0127,0.06794,21.582,0.437,0.12779,0.04348
Proj_003,Health,exiobase,Health_General,Europe,Europe,75000000.0,1,Energy_Utilities,Global,0.0858,0.45856,76.672,1.995,0.52276,0.29348
Proj_003,Health,exiobase,Health_General,Europe,Europe,75000000.0,1,Manufacturing,Europe,0.692,6.26173,1827.425,31.739,7.5479,2.62993
Proj_003,Health,exiobase,Health_General,Europe,Europe,75000000.0,1,Manufacturing,Asia,0.1579,1.42924,677.802,14.288,3.10945,0.60028
Proj_003,Health,exiobase,Health_General,Europe,Europe,75000000.0,1,Manufacturing,LATAM,0.0276,0.25012,107.666,2.148,0.47062,0.10505
Proj_003,Health,exiobase,Health_General,Europe,Europe,75000000.0,1,Manufacturing,Africa,0.0158,0.14292,71.951,1.529,0.31935,0.06003
Proj_003,Health,exiobase,Health_General,Europe,Europe,75000000.0,1,Manufacturing,Global,0.1066,0.96474,351.936,6.792,1.41816,0.40519
Proj_003,Health,exiobase,Health_General,Europe,Europe,75000000.0,1,Transport_Logistics,Europe,0.7572,2.91632,396.036,20.7,1.31024,1.74979
Proj_003,Health,exiobase,Health_General,Europe,Europe,75000000.0,1,Transport_Logistics,Asia,0.1245,0.47945,101.734,6.021,0.38111,0.28767
Proj_003,Health,exiobase,Health_General,Europe,Europe,75000000.0,1,Transport_Logistics,LATAM,0.0218,0.0839,16.806,0.901,0.05896,0.05034
Proj_003,Health,exiobase,Health_General,Europe,Europe,75000000.0,1,Transport_Logistics,Africa,0.0124,0.04795,10.743,0.646,0.03922,0.02877
Proj_003,Health,exiobase,Health_General,Europe,Europe,75000000.0,1,Transport_Logistics,Global,0.084,0.32363,54.936,2.945,0.18641,0.19418
Proj_003,Health,exiobase,Health_General,Europe,Europe,75000000.0,1,Health_Social,Europe,0.769,2.81454,281.499,32.464,1.96567,1.97018
Proj_003,Health,exiobase,Health_General,Europe,Europe,75000000.0,1,Health_Social,Asia,0.1185,0.43357,75.316,9.863,0.54883,0.3035
Proj_003,Health,exiobase,Health_General,Europe,Europe,75000000.0,1,Health_Social,LATAM,0.0207,0.07587,12.182,1.556,0.08611,0.05311
Proj_003,Health,exiobase,Health_General,Europe,Europe,75000000.0,1,Health_Social,Africa,0.0118,0.04336,8.102,1.125,0.05867,0.03035
Proj_003,Health,exiobase,Health_General,Europe,Europe,75000000.0,1,Health_Social,Global,0.08,0.29266,38.514,4.688,0.25549,0.20486
Proj_003,Health,exiobase,Health_General,Europe,Europe,75000000.0,1,Agriculture,Europe,0.7626,1.15871,144.781,17.334,3.93382,0.88062
Proj_003,Health,exiobase,Health_General,Europe,Europe,75000000.0,1,Agriculture,Asia,0.1218,0.18502,29.918,5.617,1.39089,0.14062
Proj_003,Health,exiobase,Health_General,Europe,Europe,75000000.0,1,Agriculture,LATAM,0.0213,0.03238,5.14,0.841,0.212,0.02461
Proj_003,Health,exiobase,Health_General,Europe,Europe,75000000.0,1,Agriculture,Africa,0.0122,0.0185,3.046,0.602,0.14806,0.01406
Proj_003,Health,exiobase,Health_General,Europe,Europe,75000000.0,1,Agriculture,Global,0.0822,0.12489,18.359,2.748,0.60571,0.09492
Proj_003,Health,exiobase,Health_General,Europe,Europe,75000000.0,1,Mining_Extraction,Europe,0.7164,4.98855,1114.881,22.125,6.89617,2.79359
Proj_003,Health,exiobase,Health_General,Europe,Europe,75000000.0,1,Mining_Extraction,Asia,0.1455,1.01292,408.734,8.86,2.59049,0.56724
Proj_003,Health,exiobase,Health_General,Europe,Europe,75000000.0,1,Mining_Extraction,LATAM,0.0255,0.17726,67.127,1.332,0.39207,0.09927
Proj_003,Health,exiobase,Health_General,Europe,Europe,75000000.0,1,Mining_Extraction,Africa,0.0145,0.10129,43.389,0.948,0.26605,0.05672
Proj_003,Health,exiobase,Health_General,Europe,Europe,75000000.0,1,Mining_Extraction,Global,0.0982,0.68372,212.227,4.212,1.18147,0.38288
Proj_003,Health,exiobase,Health_General,Europe,Europe,75000000.0,1,Water_Waste,Europe,0.7687,1.60048,117.075,13.482,10.23024,1.10433
Proj_003,Health,exiobase,Health_General,Europe,Europe,75000000.0,1,Water_Waste,Asia,0.1186,0.24694,34.062,3.68,2.82258,0.17039
Proj_003,Health,exiobase,Health_General,Europe,Europe,75000000.0,1,Water_Waste,LATAM,0.0208,0.04321,5.329,0.551,0.43871,0.02982
Proj_003,Health,exiobase,Health_General,Europe,Europe,75000000.0,1,Water_Waste,Africa,0.0119,0.02469,3.819,0.421,0.28783,0.01704
Proj_003,Health,exiobase,Health_General,Europe,Europe,75000000.0,1,Water_Waste,Global,0.0801,0.16668,17.418,1.8,1.25345,0.11501
Hydro_AF,Energy,exiobase,Energy,Africa,Africa,30000000.0,1,Construction,Africa,0.5598,0.79777,238.342,15.882,0.95956,0.38293
Hydro_AF,Energy,exiobase,Energy,Africa,Africa,30000000.0,1,Construction,Europe,0.1009,0.14374,23.926,1.232,0.08366,0.069
Hydro_AF,Energy,exiobase,Energy,Africa,Africa,30000000.0,1,Construction,Asia,0.1834,0.26134,72.502,4.544,0.28798,0.12545
Hydro_AF,Energy,exiobase,Energy,Africa,Africa,30000000.0,1,Construction,LATAM,0.0321,0.04574,11.712,0.703,0.04436,0.02195
Hydro_AF,Energy,exiobase,Energy,Africa,Africa,30000000.0,1,Construction,Global,0.1238,0.17641,37.645,2.223,0.13689,0.08468
Hydro_AF,Energy,exiobase,Energy,Africa,Africa,30000000.0,1,Energy_Utilities,Africa,0.6283,1.39822,444.186,9.002,2.63005,0.89486
Hydro_AF,Energy,exiobase,Energy,Africa,Africa,30000000.0,1,Energy_Utilities,Europe,0.0852,0.18956,16.481,0.594,0.19017,0.12132
Hydro_AF,Energy,exiobase,Energy,Africa,Africa,30000000.0,1,Energy_Utilities,Asia,0.1549,0.34466,96.813,1.979,0.59722,0.22058
Hydro_AF,Energy,exiobase,Energy,Africa,Africa,30000000.0,1,Energy_Utilities,LATAM,0.0271,0.06032,12.908,0.31,0.09283,0.0386
Hydro_AF,Energy,exiobase,Energy,Africa,Africa,30000000.0,1,Energy_Utilities,Global,0.1045,0.23264,38.898,1.012,0.26521,0.14889
Hydro_AF,Energy,exiobase,Energy,Africa,Africa,30000000.0,1,Manufacturing,Africa,0.538,2.25815,1136.806,24.164,5.0456,0.94842
Hydro_AF,Energy,exiobase,Energy,Africa,Africa,30000000.0,1,Manufacturing,Europe,0.1059,0.44439,129.691,2.253,0.53567,0.18664
Hydro_AF,Energy,exiobase,Energy,Africa,Africa,30000000.0,1,Manufacturing,Asia,0.1925,0.80798,383.177,8.077,1.75784,0.33935
Hydro_AF,Energy,exiobase,Energy,Africa,Africa,30000000.0,1,Manufacturing,LATAM,0.0337,0.1414,60.866,1.214,0.26605,0.05939
Hydro_AF,Energy,exiobase,Energy,Africa,Africa,30000000.0,1,Manufacturing,Global,0.1299,0.54539,198.957,3.84,0.80172,0.22906
Hydro_AF,Energy,exiobase,Energy,Africa,Africa,30000000.0,1,Transport_Logistics,Africa,0.6359,1.04917,235.087,14.13,0.85814,0.6295
Hydro_AF,Energy,exiobase,Energy,Africa,Africa,30000000.0,1,Transport_Logistics,Europe,0.0834,0.13769,18.698,0.977,0.06186,0.08261
Hydro_AF,Energy,exiobase,Energy,Africa,Africa,30000000.0,1,Transport_Logistics,Asia,0.1517,0.25035,53.12,3.144,0.199,0.15021
Hydro_AF,Energy,exiobase,Energy,Africa,Africa,30000000.0,1,Transport_Logistics,LATAM,0.0266,0.04381,8.775,0.47,0.03079,0.02629
Hydro_AF,Energy,exiobase,Energy,Africa,Africa,30000000.0,1,Transport_Logistics,Global,0.1024,0.16898,28.685,1.538,0.09733,0.10139
Hydro_AF,Energy,exiobase,Energy,Africa,Africa,30000000.0,1,Health_Social,Africa,0.6535,0.88144,164.717,22.876,1.19272,0.61701
Hydro_AF,Energy,exiobase,Energy,Africa,Africa,30000000.0,1,Health_Social,Europe,0.0794,0.1071,10.712,1.235,0.0748,0.07497
Hydro_AF,Energy,exiobase,Energy,Africa,Africa,30000000.0,1,Health_Social,Asia,0.1444,0.19473,33.827,4.43,0.2465,0.13631
Hydro_AF,Energy,exiobase,Energy,Africa,Africa,30000000.0,1,Health_Social,LATAM,0.0253,0.03408,5.471,0.699,0.03868,0.02385
Hydro_AF,Energy,exiobase,Energy,Africa,Africa,30000000.0,1,Health_Social,Global,0.0975,0.13144,17.298,2.106,0.11475,0.09201
Hydro_AF,Energy,exiobase,Energy,Africa,Africa,30000000.0,1,Agriculture,Africa,0.6438,0.32952,54.252,10.729,2.63696,0.25043
Hydro_AF,Energy,exiobase,Energy,Africa,Africa,30000000.0,1,Agriculture,Europe,0.0816,0.04177,5.22,0.625,0.14182,0.03175
Hydro_AF,Energy,exiobase,Energy,Africa,Africa,30000000.0,1,Agriculture,Asia,0.1484,0.07595,12.281,2.306,0.57096,0.05772
Hydro_AF,Energy,exiobase,Energy,Africa,Africa,30000000.0,1,Agriculture,LATAM,0.026,0.01329,2.11,0.345,0.08703,0.0101
Hydro_AF,Energy,exiobase,Energy,Africa,Africa,30000000.0,1,Agriculture,Global,0.1002,0.05127,7.536,1.128,0.24864,0.03896
Hydro_AF,Energy,exiobase,Energy,Africa,Africa,30000000.0,1,Mining_Extraction,Africa,0.5745,2.00181,857.48,18.743,5.25788,1.12101
Hydro_AF,Energy,exiobase,Energy,Africa,Africa,30000000.0,1,Mining_Extraction,Europe,0.0975,0.33971,75.922,1.507,0.46962,0.19024
Hydro_AF,Energy,exiobase,Energy,Africa,Africa,30000000.0,1,Mining_Extraction,Asia,0.1773,0.61766,249.239,5.403,1.57963,0.34589
Hydro_AF,Energy,exiobase,Energy,Africa,Africa,30000000.0,1,Mining_Extraction,LATAM,0.031,0.10809,40.933,0.812,0.23908,0.06053
Hydro_AF,Energy,exiobase,Energy,Africa,Africa,30000000.0,1,Mining_Extraction,Global,0.1197,0.41692,129.412,2.568,0.72044,0.23348
Hydro_AF,Energy,exiobase,Energy,Africa,Africa,30000000.0,1,Water_Waste,Africa,0.6531,0.49647,76.784,8.472,5.78687,0.34257
Hydro_AF,Energy,exiobase,Energy,Africa,Africa,30000000.0,1,Water_Waste,Europe,0.0795,0.06044,4.421,0.509,0.38632,0.0417
Hydro_AF,Energy,exiobase,Energy,Africa,Africa,30000000.0,1,Water_Waste,Asia,0.1445,0.10989,15.158,1.638,1.25605,0.07582
Hydro_AF,Energy,exiobase,Energy,Africa,Africa,30000000.0,1,Water_Waste,LATAM,0.0253,0.01923,2.371,0.245,0.19523,0.01327
Hydro_AF,Energy,exiobase,Energy,Africa,Africa,30000000.0,1,Water_Waste,Global,0.0976,0.07417,7.751,0.801,0.55779,0.05118
Hydro_AS,Energy,exiobase,Energy,Asia,Asia,150000000.0,1,Construction,Asia,0.7694,5.48226,1520.889,95.326,6.04101,2.63148
Hydro_AS,Energy,exiobase,Energy,Asia,Asia,150000000.0,1,Construction,Europe,0.0845,0.60234,100.26,5.161,0.35056,0.28912
Hydro_AS,Energy,exiobase,Energy,Asia,Asia,150000000.0,1,Construction,LATAM,0.0269,0.19165,49.079,2.946,0.1859,0.09199
Hydro_AS,Energy,exiobase,Energy,Asia,Asia,150000000.0,1,Construction,Africa,0.0154,0.10952,32.719,2.18,0.13173,0.05257
Hydro_AS,Energy,exiobase,Energy,Asia,Asia,150000000.0,1,Construction,Global,0.1038,0.73923,157.752,9.314,0.57364,0.35483
Hydro_AS,Energy,exiobase,Energy,Asia,Asia,150000000.0,1,Energy_Utilities,Asia,0.8053,8.96057,2516.989,51.452,15.52688,5.73477
Hydro_AS,Energy,exiobase,Energy,Asia,Asia,150000000.0,1,Energy_Utilities,Europe,0.0714,0.79436,69.065,2.488,0.7969,0.50839
Hydro_AS,Energy,exiobase,Energy,Asia,Asia,150000000.0,1,Energy_Utilities,LATAM,0.0227,0.25275,54.093,1.297,0.38898,0.16176
Hydro_AS,Energy,exiobase,Energy,Asia,Asia,150000000.0,1,Energy_Utilities,Africa,0.013,0.14443,45.882,0.93,0.27167,0.09243
Hydro_AS,Energy,exiobase,Energy,Asia,Asia,150000000.0,1,Energy_Utilities,Global,0.0876,0.97489,163.002,4.241,1.11138,0.62393
Hydro_AS,Energy,exiobase,Energy,Asia,Asia,150000000.0,1,Manufacturing,Asia,0.758,15.90777,7544.099,159.027,34.60894,6.68126
Hydro_AS,Energy,exiobase,Energy,Asia,Asia,150000000.0,1,Manufacturing,Europe,0.0887,1.8622,543.465,9.439,2.2447,0.78212
Hydro_AS,Energy,exiobase,Energy,Asia,Asia,150000000.0,1,Manufacturing,LATAM,0.0282,0.59252,255.058,5.089,1.11488,0.24886
Hydro_AS,Energy,exiobase,Energy,Asia,Asia,150000000.0,1,Manufacturing,Africa,0.0161,0.33858,170.45,3.623,0.75653,0.1422
Hydro_AS,Energy,exiobase,Energy,Asia,Asia,150000000.0,1,Manufacturing,Global,0.1089,2.28543,833.725,16.089,3.35958,0.95988
Hydro_AS,Energy,exiobase,Energy,Asia,Asia,150000000.0,1,Transport_Logistics,Asia,0.8093,6.67639,1416.648,83.842,5.30693,4.00584
Hydro_AS,Energy,exiobase,Energy,Asia,Asia,150000000.0,1,Transport_Logistics,Europe,0.0699,0.57699,78.355,4.095,0.25923,0.34619
Hydro_AS,Energy,exiobase,Energy,Asia,Asia,150000000.0,1,Transport_Logistics,LATAM,0.0223,0.18359,36.773,1.971,0.12901,0.11015
Hydro_AS,Energy,exiobase,Energy,Asia,Asia,150000000.0,1,Transport_Logistics,Africa,0.0127,0.10491,23.507,1.413,0.08581,0.06294
Hydro_AS,Energy,exiobase,Energy,Asia,Asia,150000000.0,1,Transport_Logistics,Global,0.0858,0.70812,120.204,6.444,0.40788,0.42487
Hydro_AS,Energy,exiobase,Energy,Asia,Asia,150000000.0,1,Health_Social,Asia,0.8185,5.51996,958.884,125.57,6.98745,3.86397
Hydro_AS,Energy,exiobase,Energy,Asia,Asia,150000000.0,1,Health_Social,Europe,0.0665,0.44881,44.889,5.177,0.31345,0.31417
Hydro_AS,Energy,exiobase,Energy,Asia,Asia,150000000.0,1,Health_Social,LATAM,0.0212,0.1428,22.927,2.928,0.16207,0.09996
Hydro_AS,Energy,exiobase,Energy,Asia,Asia,150000000.0,1,Health_Social,Africa,0.0121,0.0816,15.249,2.118,0.11042,0.05712
Hydro_AS,Energy,exiobase,Energy,Asia,Asia,150000000.0,1,Health_Social,Global,0.0817,0.55082,72.487,8.824,0.48086,0.38557
Hydro_AS,Energy,exiobase,Energy,Asia,Asia,150000000.0,1,Agriculture,Asia,0.8134,2.08159,336.594,63.197,15.64838,1.58201
Hydro_AS,Energy,exiobase,Energy,Asia,Asia,150000000.0,1,Agriculture,Europe,0.0684,0.17505,21.872,2.619,0.59429,0.13304
Hydro_AS,Energy,exiobase,Energy,Asia,Asia,150000000.0,1,Agriculture,LATAM,0.0218,0.0557,8.843,1.446,0.36468,0.04233
Hydro_AS,Energy,exiobase,Energy,Asia,Asia,150000000.0,1,Agriculture,Africa,0.0124,0.03183,5.24,1.036,0.2547,0.02419
Hydro_AS,Energy,exiobase,Energy,Asia,Asia,150000000.0,1,Agriculture,Global,0.084,0.21483,31.58,4.726,1.04194,0.16327
Hydro_AS,Energy,exiobase,Energy,Asia,Asia,150000000.0,1,Mining_Extraction,Asia,0.7771,13.53856,5463.078,118.424,34.62404,7.58159
Hydro_AS,Energy,exiobase,Energy,Asia,Asia,150000000.0,1,Mining_Extraction,Europe,0.0817,1.42356,318.149,6.314,1.96793,0.7972
Hydro_AS,Energy,exiobase,Energy,Asia,Asia,150000000.0,1,Mining_Extraction,LATAM,0.026,0.45295,171.527,3.404,1.00186,0.25365
Hydro_AS,Energy,exiobase,Energy,Asia,Asia,150000000.0,1,Mining_Extraction,Africa,0.0149,0.25883,110.87,2.423,0.67983,0.14494
Hydro_AS,Energy,exiobase,Energy,Asia,Asia,150000000.0,1,Mining_Extraction,Global,0.1003,1.7471,542.3,10.762,3.01899,0.97838
Hydro_AS,Energy,exiobase,Energy,Asia,Asia,150000000.0,1,Water_Waste,Asia,0.8183,3.11028,429.032,46.356,35.55177,2.14609
Hydro_AS,Energy,exiobase,Energy,Asia,Asia,150000000.0,1,Water_Waste,Europe,0.0666,0.25326,18.526,2.133,1.61886,0.17475
Hydro_AS,Energy,exiobase,Energy,Asia,Asia,150000000.0,1,Water_Waste,LATAM,0.0212,0.08058,9.937,1.027,0.81809,0.0556
Hydro_AS,Energy,exiobase,Energy,Asia,Asia,150000000.0,1,Water_Waste,Africa,0.0121,0.04605,7.122,0.786,0.53673,0.03177
Hydro_AS,Energy,exiobase,Energy,Asia,Asia,150000000.0,1,Water_Waste,Global,0.0818,0.31082,32.481,3.357,2.33739,0.21447
Hydro_EU,Energy,exiobase,Energy,Europe,Europe,2000000.0,1,Construction,Europe,0.7066,0.06712,11.173,0.575,0.03907,0.03222
Hydro_EU,Energy,exiobase,Energy,Europe,Europe,2000000.0,1,Construction,Asia,0.1505,0.0143,3.966,0.249,0.01575,0.00686
Hydro_EU,Energy,exiobase,Energy,Europe,Europe,2000000.0,1,Construction,LATAM,0.0263,0.0025,0.641,0.038,0.00243,0.0012
Hydro_EU,Energy,exiobase,Energy,Europe,Europe,2000000.0,1,Construction,Africa,0.015,0.00143,0.427,0.028,0.00172,0.00069
Hydro_EU,Energy,exiobase,Energy,Europe,Europe,2000000.0,1,Construction,Global,0.1016,0.00965,2.059,0.122,0.00749,0.00463
Hydro_EU,Energy,exiobase,Energy,Europe,Europe,2000000.0,1,Energy_Utilities,Europe,0.7522,0.1116,9.703,0.35,0.11195,0.07142
Hydro_EU,Energy,exiobase,Energy,Europe,Europe,2000000.0,1,Energy_Utilities,Asia,0.1271,0.01885,5.296,0.108,0.03267,0.01207
Hydro_EU,Energy,exiobase,Energy,Europe,Europe,2000000.0,1,Energy_Utilities,LATAM,0.0222,0.0033,0.706,0.017,0.00508,0.00211
Hydro_EU,Energy,exiobase,Energy,Europe,Europe,2000000.0,1,Energy_Utilities,Africa,0.0127,0.00189,0.599,0.012,0.00355,0.00121
Hydro_EU,Energy,exiobase,Energy,Europe,Europe,2000000.0,1,Energy_Utilities,Global,0.0858,0.01273,2.128,0.055,0.01451,0.00814
Hydro_EU,Energy,exiobase,Energy,Europe,Europe,2000000.0,1,Manufacturing,Europe,0.692,0.19364,56.511,0.981,0.23341,0.08133
Hydro_EU,Energy,exiobase,Energy,Europe,Europe,2000000.0,1,Manufacturing,Asia,0.1579,0.0442,20.96,0.442,0.09616,0.01856
Hydro_EU,Energy,exiobase,Energy,Europe,Europe,2000000.0,1,Manufacturing,LATAM,0.0276,0.00773,3.329,0.066,0.01455,0.00325
Hydro_EU,Energy,exiobase,Energy,Europe,Europe,2000000.0,1,Manufacturing,Africa,0.0158,0.00442,2.225,0.047,0.00988,0.00186
Hydro_EU,Energy,exiobase,Energy,Europe,Europe,2000000.0,1,Manufacturing,Global,0.1066,0.02983,10.883,0.21,0.04385,0.01253
Hydro_EU,Energy,exiobase,Energy,Europe,Europe,2000000.0,1,Transport_Logistics,Europe,0.7572,0.0833,11.312,0.591,0.03742,0.04998
Hydro_EU,Energy,exiobase,Energy,Europe,Europe,2000000.0,1,Transport_Logistics,Asia,0.1245,0.01369,2.906,0.172,0.01089,0.00822
Hydro_EU,Energy,exiobase,Energy,Europe,Europe,2000000.0,1,Transport_Logistics,LATAM,0.0218,0.0024,0.48,0.026,0.00168,0.00144
Hydro_EU,Energy,exiobase,Energy,Europe,Europe,2000000.0,1,Transport_Logistics,Africa,0.0124,0.00137,0.307,0.018,0.00112,0.00082
Hydro_EU,Energy,exiobase,Energy,Europe,Europe,2000000.0,1,Transport_Logistics,Global,0.084,0.00924,1.569,0.084,0.00532,0.00555
Hydro_EU,Energy,exiobase,Energy,Europe,Europe,2000000.0,1,Health_Social,Europe,0.769,0.06915,6.916,0.798,0.04829,0.0484
Hydro_EU,Energy,exiobase,Energy,Europe,Europe,2000000.0,1,Health_Social,Asia,0.1185,0.01065,1.85,0.242,0.01348,0.00746
Hydro_EU,Energy,exiobase,Energy,Europe,Europe,2000000.0,1,Health_Social,LATAM,0.0207,0.00186,0.299,0.038,0.00212,0.0013
Hydro_EU,Energy,exiobase,Energy,Europe,Europe,2000000.0,1,Health_Social,Africa,0.0118,0.00107,0.199,0.028,0.00144,0.00075
Hydro_EU,Energy,exiobase,Energy,Europe,Europe,2000000.0,1,Health_Social,Global,0.08,0.00719,0.946,0.115,0.00628,0.00503
Hydro_EU,Energy,exiobase,Energy,Europe,Europe,2000000.0,1,Agriculture,Europe,0.7626,0.02602,3.251,0.389,0.08833,0.01977
Hydro_EU,Energy,exiobase,Energy,Europe,Europe,2000000.0,1,Agriculture,Asia,0.1218,0.00415,0.672,0.126,0.03123,0.00316
Hydro_EU,Energy,exiobase,Energy,Europe,Europe,2000000.0,1,Agriculture,LATAM,0.0213,0.00073,0.115,0.019,0.00476,0.00055
Hydro_EU,Energy,exiobase,Energy,Europe,Europe,2000000.0,1,Agriculture,Africa,0.0122,0.00042,0.068,0.014,0.00332,0.00032
Hydro_EU,Energy,exiobase,Energy,Europe,Europe,2000000.0,1,Agriculture,Global,0.0822,0.0028,0.412,0.062,0.0136,0.00213
Hydro_EU,Energy,exiobase,Energy,Europe,Europe,2000000.0,1,Mining_Extraction,Europe,0.7164,0.1664,37.188,0.738,0.23003,0.09318
Hydro_EU,Energy,exiobase,Energy,Europe,Europe,2000000.0,1,Mining_Extraction,Asia,0.1455,0.03379,13.634,0.296,0.08641,0.01892
Hydro_EU,Energy,exiobase,Energy,Europe,Europe,2000000.0,1,Mining_Extraction,LATAM,0.0255,0.00591,2.239,0.044,0.01308,0.00331
Hydro_EU,Energy,exiobase,Energy,Europe,Europe,2000000.0,1,Mining_Extraction,Africa,0.0145,0.00338,1.447,0.032,0.00887,0.00189
Hydro_EU,Energy,exiobase,Energy,Europe,Europe,2000000.0,1,Mining_Extraction,Global,0.0982,0.02281,7.079,0.14,0.03941,0.01277
Hydro_EU,Energy,exiobase,Energy,Europe,Europe,2000000.0,1,Water_Waste,Europe,0.7687,0.03896,2.85,0.328,0.24902,0.02688
Hydro_EU,Energy,exiobase,Energy,Europe,Europe,2000000.0,1,Water_Waste,Asia,0.1186,0.00601,0.829,0.09,0.06871,0.00415
Hydro_EU,Energy,exiobase,Energy,Europe,Europe,2000000.0,1,Water_Waste,LATAM,0.0208,0.00105,0.13,0.013,0.01068,0.00073
Hydro_EU,Energy,exiobase,Energy,Europe,Europe,2000000.0,1,Water_Waste,Africa,0.0119,0.0006,0.093,0.01,0.00701,0.00041
Hydro_EU,Energy,exiobase,Energy,Europe,Europe,2000000.0,1,Water_Waste,Global,0.0801,0.00406,0.424,0.044,0.03051,0.0028
Rail_EU_DEV,Transport,exiobase,Rail_Dev,Europe,Europe,1998000000.0000002,1,Construction,Europe,0.7066,62.96213,10480.172,539.46,36.64396,30.22182
Rail_EU_DEV,Transport,exiobase,Rail_Dev,Europe,Europe,1998000000.0000002,1,Construction,Asia,0.1505,13.40958,3720.085,233.166,14.77628,6.4366
Rail_EU_DEV,Transport,exiobase,Rail_Dev,Europe,Europe,1998000000.0000002,1,Construction,LATAM,0.0263,2.34668,600.937,36.073,2.27628,1.1264
Rail_EU_DEV,Transport,exiobase,Rail_Dev,Europe,Europe,1998000000.0000002,1,Construction,Africa,0.015,1.34096,400.624,26.696,1.6129,0.64366
Rail_EU_DEV,Transport,exiobase,Rail_Dev,Europe,Europe,1998000000.0000002,1,Construction,Global,0.1016,9.05146,1931.582,114.048,7.02394,4.3447
Rail_EU_DEV,Transport,exiobase,Rail_Dev,Europe,Europe,1998000000.0000002,1,Energy_Utilities,Europe,0.7522,111.96572,9734.748,350.677,112.32401,71.65806
Rail_EU_DEV,Transport,exiobase,Rail_Dev,Europe,Europe,1998000000.0000002,1,Energy_Utilities,Asia,0.1271,18.91553,5313.296,108.613,32.77683,12.10594
Rail_EU_DEV,Transport,exiobase,Rail_Dev,Europe,Europe,1998000000.0000002,1,Energy_Utilities,LATAM,0.0222,3.31022,708.439,16.991,5.09442,2.11854
Rail_EU_DEV,Transport,exiobase,Rail_Dev,Europe,Europe,1998000000.0000002,1,Energy_Utilities,Africa,0.0127,1.89155,600.908,12.178,3.55801,1.21059
Rail_EU_DEV,Transport,exiobase,Rail_Dev,Europe,Europe,1998000000.0000002,1,Energy_Utilities,Global,0.0858,12.76798,2134.806,55.541,14.5555,8.17151
Rail_EU_DEV,Transport,exiobase,Rail_Dev,Europe,Europe,1998000000.0000002,1,Manufacturing,Europe,0.692,187.49656,54718.995,950.383,226.00835,78.74855
Rail_EU_DEV,Transport,exiobase,Rail_Dev,Europe,Europe,1998000000.0000002,1,Manufacturing,Asia,0.1579,42.79601,20295.581,427.823,93.107,17.97433
Rail_EU_DEV,Transport,exiobase,Rail_Dev,Europe,Europe,1998000000.0000002,1,Manufacturing,LATAM,0.0276,7.4893,3223.875,64.324,14.09187,3.14551
Rail_EU_DEV,Transport,exiobase,Rail_Dev,Europe,Europe,1998000000.0000002,1,Manufacturing,Africa,0.0158,4.2796,2154.454,45.795,9.56234,1.79743
Rail_EU_DEV,Transport,exiobase,Rail_Dev,Europe,Europe,1998000000.0000002,1,Manufacturing,Global,0.1066,28.88731,10538.09,203.367,42.46434,12.13267
Rail_EU_DEV,Transport,exiobase,Rail_Dev,Europe,Europe,1998000000.0000002,1,Transport_Logistics,Europe,0.7572,82.00273,11135.971,582.055,36.84219,49.20164
Rail_EU_DEV,Transport,exiobase,Rail_Dev,Europe,Europe,1998000000.0000002,1,Transport_Logistics,Asia,0.1245,13.48147,2860.6,169.3,10.71615,8.08888
Rail_EU_DEV,Transport,exiobase,Rail_Dev,Europe,Europe,1998000000.0000002,1,Transport_Logistics,LATAM,0.0218,2.35926,472.571,25.334,1.6579,1.41555
Rail_EU_DEV,Transport,exiobase,Rail_Dev,Europe,Europe,1998000000.0000002,1,Transport_Logistics,Africa,0.0124,1.34815,302.079,18.157,1.10268,0.80889
Rail_EU_DEV,Transport,exiobase,Rail_Dev,Europe,Europe,1998000000.0000002,1,Transport_Logistics,Global,0.084,9.09999,1544.724,82.81,5.2416,5.46
Rail_EU_DEV,Transport,exiobase,Rail_Dev,Europe,Europe,1998000000.0000002,1,Health_Social,Europe,0.769,69.27907,6929.016,799.093,48.3845,48.49535
Rail_EU_DEV,Transport,exiobase,Rail_Dev,Europe,Europe,1998000000.0000002,1,Health_Social,Asia,0.1185,10.67218,1853.886,242.775,13.50938,7.47053
Rail_EU_DEV,Transport,exiobase,Rail_Dev,Europe,Europe,1998000000.0000002,1,Health_Social,LATAM,0.0207,1.86763,299.852,38.297,2.11957,1.30734
Rail_EU_DEV,Transport,exiobase,Rail_Dev,Europe,Europe,1998000000.0000002,1,Health_Social,Africa,0.0118,1.06722,199.433,27.697,1.44411,0.74705
Rail_EU_DEV,Transport,exiobase,Rail_Dev,Europe,Europe,1998000000.0000002,1,Health_Social,Global,0.08,7.20372,948.01,115.404,6.28885,5.0426
Rail_EU_DEV,Transport,exiobase,Rail_Dev,Europe,Europe,1998000000.0000002,1,Agriculture,Europe,0.7626,25.77923,3221.114,385.657,87.52047,19.59221
Rail_EU_DEV,Transport,exiobase,Rail_Dev,Europe,Europe,1998000000.0000002,1,Agriculture,Asia,0.1218,4.11638,665.618,124.973,30.94486,3.12845
Rail_EU_DEV,Transport,exiobase,Rail_Dev,Europe,Europe,1998000000.0000002,1,Agriculture,LATAM,0.0213,0.72037,114.365,18.701,4.7166,0.54748
Rail_EU_DEV,Transport,exiobase,Rail_Dev,Europe,Europe,1998000000.0000002,1,Agriculture,Africa,0.0122,0.41164,67.772,13.403,3.29413,0.31284
Rail_EU_DEV,Transport,exiobase,Rail_Dev,Europe,Europe,1998000000.0000002,1,Agriculture,Global,0.0822,2.77855,408.447,61.128,13.47599,2.1117
Rail_EU_DEV,Transport,exiobase,Rail_Dev,Europe,Europe,1998000000.0000002,1,Mining_Extraction,Europe,0.7164,155.86718,34834.445,691.302,215.4708,87.28562
Rail_EU_DEV,Transport,exiobase,Rail_Dev,Europe,Europe,1998000000.0000002,1,Mining_Extraction,Asia,0.1455,31.64873,12770.894,276.838,80.93972,17.72329
Rail_EU_DEV,Transport,exiobase,Rail_Dev,Europe,Europe,1998000000.0000002,1,Mining_Extraction,LATAM,0.0255,5.53853,2097.374,41.623,12.25034,3.10158
Rail_EU_DEV,Transport,exiobase,Rail_Dev,Europe,Europe,1998000000.0000002,1,Mining_Extraction,Africa,0.0145,3.16487,1355.679,29.633,8.31273,1.77233
Rail_EU_DEV,Transport,exiobase,Rail_Dev,Europe,Europe,1998000000.0000002,1,Mining_Extraction,Global,0.0982,21.36289,6631.041,131.595,36.91507,11.96322
Rail_EU_DEV,Transport,exiobase,Rail_Dev,Europe,Europe,1998000000.0000002,1,Water_Waste,Europe,0.7687,39.53413,2891.922,333.036,252.70217,27.27855
Rail_EU_DEV,Transport,exiobase,Rail_Dev,Europe,Europe,1998000000.0000002,1,Water_Waste,Asia,0.1186,6.09969,841.391,90.91,69.72185,4.20878
Rail_EU_DEV,Transport,exiobase,Rail_Dev,Europe,Europe,1998000000.0000002,1,Water_Waste,LATAM,0.0208,1.06745,131.627,13.604,10.8367,0.73654
Rail_EU_DEV,Transport,exiobase,Rail_Dev,Europe,Europe,1998000000.0000002,1,Water_Waste,Africa,0.0119,0.60997,94.338,10.409,7.10979,0.42088
Rail_EU_DEV,Transport,exiobase,Rail_Dev,Europe,Europe,1998000000.0000002,1,Water_Waste,Global,0.0801,4.11729,430.257,44.467,30.96201,2.84093
Rail_EU_OP1,Transport,exiobase,Rail_Op,Europe,Europe,140400.0,1,Construction,Europe,0.7066,0.00314,0.523,0.027,0.00183,0.00151
Rail_EU_OP1,Transport,exiobase,Rail_Op,Europe,Europe,140400.0,1,Construction,Asia,0.1505,0.00067,0.186,0.012,0.00074,0.00032
Rail_EU_OP1,Transport,exiobase,Rail_Op,Europe,Europe,140400.0,1,Construction,LATAM,0.0263,0.00012,0.03,0.002,0.00011,6e-05
Rail_EU_OP1,Transport,exiobase,Rail_Op,Europe,Europe,140400.0,1,Construction,Africa,0.015,7e-05,0.02,0.001,8e-05,3e-05
Rail_EU_OP1,Transport,exiobase,Rail_Op,Europe,Europe,140400.0,1,Construction,Global,0.1016,0.00045,0.096,0.006,0.00035,0.00022
Rail_EU_OP1,Transport,exiobase,Rail_Op,Europe,Europe,140400.0,1,Energy_Utilities,Europe,0.7522,0.00734,0.638,0.023,0.00736,0.0047
Rail_EU_OP1,Transport,exiobase,Rail_Op,Europe,Europe,140400.0,1,Energy_Utilities,Asia,0.1271,0.00124,0.348,0.007,0.00215,0.00079
Rail_EU_OP1,Transport,exiobase,Rail_Op,Europe,Europe,140400.0,1,Energy_Utilities,LATAM,0.0222,0.00022,0.046,0.001,0.00033,0.00014
Rail_EU_OP1,Transport,exiobase,Rail_Op,Europe,Europe,140400.0,1,Energy_Utilities,Africa,0.0127,0.00012,0.039,0.001,0.00023,8e-05
Rail_EU_OP1,Transport,exiobase,Rail_Op,Europe,Europe,140400.0,1,Energy_Utilities,Global,0.0858,0.00084,0.14,0.004,0.00095,0.00054
Rail_EU_OP1,Transport,exiobase,Rail_Op,Europe,Europe,140400.0,1,Manufacturing,Europe,0.692,0.00954,2.784,0.048,0.0115,0.00401
Rail_EU_OP1,Transport,exiobase,Rail_Op,Europe,Europe,140400.0,1,Manufacturing,Asia,0.1579,0.00218,1.032,0.022,0.00474,0.00091
Rail_EU_OP1,Transport,exiobase,Rail_Op,Europe,Europe,140400.0,1,Manufacturing,LATAM,0.0276,0.00038,0.164,0.003,0.00072,0.00016
Rail_EU_OP1,Transport,exiobase,Rail_Op,Europe,Europe,140400.0,1,Manufacturing,Africa,0.0158,0.00022,0.11,0.002,0.00049,9e-05
Rail_EU_OP1,Transport,exiobase,Rail_Op,Europe,Europe,140400.0,1,Manufacturing,Global,0.1066,0.00147,0.536,0.01,0.00216,0.00062
Rail_EU_OP1,Transport,exiobase,Rail_Op,Europe,Europe,140400.0,1,Transport_Logistics,Europe,0.7572,0.00525,0.713,0.037,0.00236,0.00315
Rail_EU_OP1,Transport,exiobase,Rail_Op,Europe,Europe,140400.0,1,Transport_Logistics,Asia,0.1245,0.00086,0.183,0.011,0.00069,0.00052
Rail_EU_OP1,Transport,exiobase,Rail_Op,Europe,Europe,140400.0,1,Transport_Logistics,LATAM,0.0218,0.00015,0.03,0.002,0.00011,9e-05
Rail_EU_OP1,Transport,exiobase,Rail_Op,Europe,Europe,140400.0,1,Transport_Logistics,Africa,0.0124,9e-05,0.019,0.001,7e-05,5e-05
Rail_EU_OP1,Transport,exiobase,Rail_Op,Europe,Europe,140400.0,1,Transport_Logistics,Global,0.084,0.00058,0.099,0.005,0.00034,0.00035
Rail_EU_OP1,Transport,exiobase,Rail_Op,Europe,Europe,140400.0,1,Health_Social,Europe,0.769,0.00451,0.451,0.052,0.00315,0.00316
Rail_EU_OP1,Transport,exiobase,Rail_Op,Europe,Europe,140400.0,1,Health_Social,Asia,0.1185,0.00069,0.121,0.016,0.00088,0.00049
Rail_EU_OP1,Transport,exiobase,Rail_Op,Europe,Europe,140400.0,1,Health_Social,LATAM,0.0207,0.00012,0.02,0.002,0.00014,9e-05
Rail_EU_OP1,Transport,exiobase,Rail_Op,Europe,Europe,140400.0,1,Health_Social,Africa,0.0118,7e-05,0.013,0.002,9e-05,5e-05
Rail_EU_OP1,Transport,exiobase,Rail_Op,Europe,Europe,140400.0,1,Health_Social,Global,0.08,0.00047,0.062,0.008,0.00041,0.00033
Rail_EU_OP1,Transport,exiobase,Rail_Op,Europe,Europe,140400.0,1,Agriculture,Europe,0.7626,0.00178,0.223,0.027,0.00606,0.00136
Rail_EU_OP1,Transport,exiobase,Rail_Op,Europe,Europe,140400.0,1,Agriculture,Asia,0.1218,0.00028,0.046,0.009,0.00214,0.00022
Rail_EU_OP1,Transport,exiobase,Rail_Op,Europe,Europe,140400.0,1,Agriculture,LATAM,0.0213,5e-05,0.008,0.001,0.00033,4e-05
Rail_EU_OP1,Transport,exiobase,Rail_Op,Europe,Europe,140400.0,1,Agriculture,Africa,0.0122,3e-05,0.005,0.001,0.00023,2e-05
Rail_EU_OP1,Transport,exiobase,Rail_Op,Europe,Europe,140400.0,1,Agriculture,Global,0.0822,0.00019,0.028,0.004,0.00093,0.00015
Rail_EU_OP1,Transport,exiobase,Rail_Op,Europe,Europe,140400.0,1,Mining_Extraction,Europe,0.7164,0.0091,2.034,0.04,0.01258,0.0051
Rail_EU_OP1,Transport,exiobase,Rail_Op,Europe,Europe,140400.0,1,Mining_Extraction,Asia,0.1455,0.00185,0.746,0.016,0.00473,0.00103
Rail_EU_OP1,Transport,exiobase,Rail_Op,Europe,Europe,140400.0,1,Mining_Extraction,LATAM,0.0255,0.00032,0.122,0.002,0.00072,0.00018
Rail_EU_OP1,Transport,exiobase,Rail_Op,Europe,Europe,140400.0,1,Mining_Extraction,Africa,0.0145,0.00018,0.079,0.002,0.00049,0.0001
Rail_EU_OP1,Transport,exiobase,Rail_Op,Europe,Europe,140400.0,1,Mining_Extraction,Global,0.0982,0.00125,0.387,0.008,0.00216,0.0007
Rail_EU_OP1,Transport,exiobase,Rail_Op,Europe,Europe,140400.0,1,Water_Waste,Europe,0.7687,0.00324,0.237,0.027,0.02071,0.00224
Rail_EU_OP1,Transport,exiobase,Rail_Op,Europe,Europe,140400.0,1,Water_Waste,Asia,0.1186,0.0005,0.069,0.007,0.00571,0.00034
Rail_EU_OP1,Transport,exiobase,Rail_Op,Europe,Europe,140400.0,1,Water_Waste,LATAM,0.0208,9e-05,0.011,0.001,0.00089,6e-05
Rail_EU_OP1,Transport,exiobase,Rail_Op,Europe,Europe,140400.0,1,Water_Waste,Africa,0.0119,5e-05,0.008,0.001,0.00058,3e-05
Rail_EU_OP1,Transport,exiobase,Rail_Op,Europe,Europe,140400.0,1,Water_Waste,Global,0.0801,0.00034,0.035,0.004,0.00254,0.00023
Rail_EU_OP2,Transport,exiobase,Rail_Op,Europe,Europe,97200.0,1,Construction,Europe,0.7066,0.00218,0.362,0.019,0.00127,0.00104
Rail_EU_OP2,Transport,exiobase,Rail_Op,Europe,Europe,97200.0,1,Construction,Asia,0.1505,0.00046,0.129,0.008,0.00051,0.00022
Rail_EU_OP2,Transport,exiobase,Rail_Op,Europe,Europe,97200.0,1,Construction,LATAM,0.0263,8e-05,0.021,0.001,8e-05,4e-05
Rail_EU_OP2,Transport,exiobase,Rail_Op,Europe,Europe,97200.0,1,Construction,Africa,0.015,5e-05,0.014,0.001,6e-05,2e-05
Rail_EU_OP2,Transport,exiobase,Rail_Op,Europe,Europe,97200.0,1,Construction,Global,0.1016,0.00031,0.067,0.004,0.00024,0.00015
Rail_EU_OP2,Transport,exiobase,Rail_Op,Europe,Europe,97200.0,1,Energy_Utilities,Europe,0.7522,0.00508,0.442,0.016,0.0051,0.00325
Rail_EU_OP2,Transport,exiobase,Rail_Op,Europe,Europe,97200.0,1,Energy_Utilities,Asia,0.1271,0.00086,0.241,0.005,0.00149,0.00055
Rail_EU_OP2,Transport,exiobase,Rail_Op,Europe,Europe,97200.0,1,Energy_Utilities,LATAM,0.0222,0.00015,0.032,0.001,0.00023,0.0001
Rail_EU_OP2,Transport,exiobase,Rail_Op,Europe,Europe,97200.0,1,Energy_Utilities,Africa,0.0127,9e-05,0.027,0.001,0.00016,5e-05
Rail_EU_OP2,Transport,exiobase,Rail_Op,Europe,Europe,97200.0,1,Energy_Utilities,Global,0.0858,0.00058,0.097,0.003,0.00066,0.00037
Rail_EU_OP2,Transport,exiobase,Rail_Op,Europe,Europe,97200.0,1,Manufacturing,Europe,0.692,0.0066,1.927,0.033,0.00796,0.00277
Rail_EU_OP2,Transport,exiobase,Rail_Op,Europe,Europe,97200.0,1,Manufacturing,Asia,0.1579,0.00151,0.715,0.015,0.00328,0.00063
Rail_EU_OP2,Transport,exiobase,Rail_Op,Europe,Europe,97200.0,1,Manufacturing,LATAM,0.0276,0.00026,0.114,0.002,0.0005,0.00011
Rail_EU_OP2,Transport,exiobase,Rail_Op,Europe,Europe,97200.0,1,Manufacturing,Africa,0.0158,0.00015,0.076,0.002,0.00034,6e-05
Rail_EU_OP2,Transport,exiobase,Rail_Op,Europe,Europe,97200.0,1,Manufacturing,Global,0.1066,0.00102,0.371,0.007,0.0015,0.00043
Rail_EU_OP2,Transport,exiobase,Rail_Op,Europe,Europe,97200.0,1,Transport_Logistics,Europe,0.7572,0.00363,0.493,0.026,0.00163,0.00218
Rail_EU_OP2,Transport,exiobase,Rail_Op,Europe,Europe,97200.0,1,Transport_Logistics,Asia,0.1245,0.0006,0.127,0.007,0.00047,0.00036
Rail_EU_OP2,Transport,exiobase,Rail_Op,Europe,Europe,97200.0,1,Transport_Logistics,LATAM,0.0218,0.0001,0.021,0.001,7e-05,6e-05
Rail_EU_OP2,Transport,exiobase,Rail_Op,Europe,Europe,97200.0,1,Transport_Logistics,Africa,0.0124,6e-05,0.013,0.001,5e-05,4e-05
Rail_EU_OP2,Transport,exiobase,Rail_Op,Europe,Europe,97200.0,1,Transport_Logistics,Global,0.084,0.0004,0.068,0.004,0.00023,0.00024
Rail_EU_OP2,Transport,exiobase,Rail_Op,Europe,Europe,97200.0,1,Health_Social,Europe,0.769,0.00312,0.312,0.036,0.00218,0.00218
Rail_EU_OP2,Transport,exiobase,Rail_Op,Europe,Europe,97200.0,1,Health_Social,Asia,0.1185,0.00048,0.084,0.011,0.00061,0.00034
Rail_EU_OP2,Transport,exiobase,Rail_Op,Europe,Europe,97200.0,1,Health_Social,LATAM,0.0207,8e-05,0.014,0.002,0.0001,6e-05
Rail_EU_OP2,Transport,exiobase,Rail_Op,Europe,Europe,97200.0,1,Health_Social,Africa,0.0118,5e-05,0.009,0.001,7e-05,3e-05
Rail_EU_OP2,Transport,exiobase,Rail_Op,Europe,Europe,97200.0,1,Health_Social,Global,0.08,0.00032,0.043,0.005,0.00028,0.00023
Rail_EU_OP2,Transport,exiobase,Rail_Op,Europe,Europe,97200.0,1,Agriculture,Europe,0.7626,0.00123,0.154,0.018,0.00419,0.00094
Rail_EU_OP2,Transport,exiobase,Rail_Op,Europe,Europe,97200.0,1,Agriculture,Asia,0.1218,0.0002,0.032,0.006,0.00148,0.00015
Rail_EU_OP2,Transport,exiobase,Rail_Op,Europe,Europe,97200.0,1,Agriculture,LATAM,0.0213,3e-05,0.005,0.001,0.00023,3e-05
Rail_EU_OP2,Transport,exiobase,Rail_Op,Europe,Europe,97200.0,1,Agriculture,Africa,0.0122,2e-05,0.003,0.001,0.00016,1e-05
Rail_EU_OP2,Transport,exiobase,Rail_Op,Europe,Europe,97200.0,1,Agriculture,Global,0.0822,0.00013,0.02,0.003,0.00065,0.0001
Rail_EU_OP2,Transport,exiobase,Rail_Op,Europe,Europe,97200.0,1,Mining_Extraction,Europe,0.7164,0.0063,1.408,0.028,0.00871,0.00353
Rail_EU_OP2,Transport,exiobase,Rail_Op,Europe,Europe,97200.0,1,Mining_Extraction,Asia,0.1455,0.00128,0.516,0.011,0.00327,0.00072
Rail_EU_OP2,Transport,exiobase,Rail_Op,Europe,Europe,97200.0,1,Mining_Extraction,LATAM,0.0255,0.00022,0.085,0.002,0.0005,0.00013
Rail_EU_OP2,Transport,exiobase,Rail_Op,Europe,Europe,97200.0,1,Mining_Extraction,Africa,0.0145,0.00013,0.055,0.001,0.00034,7e-05
Rail_EU_OP2,Transport,exiobase,Rail_Op,Europe,Europe,97200.0,1,Mining_Extraction,Global,0.0982,0.00086,0.268,0.005,0.00149,0.00048
Rail_EU_OP2,Transport,exiobase,Rail_Op,Europe,Europe,97200.0,1,Water_Waste,Europe,0.7687,0.00224,0.164,0.019,0.01434,0.00155
Rail_EU_OP2,Transport,exiobase,Rail_Op,Europe,Europe,97200.0,1,Water_Waste,Asia,0.1186,0.00035,0.048,0.005,0.00396,0.00024
Rail_EU_OP2,Transport,exiobase,Rail_Op,Europe,Europe,97200.0,1,Water_Waste,LATAM,0.0208,6e-05,0.007,0.001,0.00061,4e-05
Rail_EU_OP2,Transport,exiobase,Rail_Op,Europe,Europe,97200.0,1,Water_Waste,Africa,0.0119,3e-05,0.005,0.001,0.0004,2e-05
Rail_EU_OP2,Transport,exiobase,Rail_Op,Europe,Europe,97200.0,1,Water_Waste,Global,0.0801,0.00023,0.024,0.003,0.00176,0.00016
